year,zone,crop,guide_name,yield,yield_unit,price,gross,var_cost,total_cost,source
2014,Black,canola,canola,39.5,bu/ac,9.8,387.1,212.59,286.66,https://library.usask.ca/gp/sk/da/crops/Cropplanguide/guide/2014.pdf
2014,Brown,canola,canola,27.7,bu/ac,9.8,271.46,210.82,265.42,https://library.usask.ca/gp/sk/da/crops/Cropplanguide/guide/2014.pdf
2014,Dark Brown,canola,canola,36.2,bu/ac,9.8,354.76,212.47,277.47,https://library.usask.ca/gp/sk/da/crops/Cropplanguide/guide/2014.pdf
2014,Brown,durum,durum wheat,35.2,bu/ac,6.25,220.0,134.28,188.88,https://library.usask.ca/gp/sk/da/crops/Cropplanguide/guide/2014.pdf
2014,Dark Brown,durum,durum wheat,42.2,bu/ac,6.25,263.75,144.92,209.92,https://library.usask.ca/gp/sk/da/crops/Cropplanguide/guide/2014.pdf
2014,Black,feed_barley,feed barley,76.8,bu/ac,3.0,230.4,149.4,223.47,https://library.usask.ca/gp/sk/da/crops/Cropplanguide/guide/2014.pdf
2014,Brown,feed_barley,feed barley,56.6,bu/ac,3.0,169.8,133.26,187.86,https://library.usask.ca/gp/sk/da/crops/Cropplanguide/guide/2014.pdf
2014,Dark Brown,feed_barley,feed barley,68.5,bu/ac,3.0,205.5,142.08,207.08,https://library.usask.ca/gp/sk/da/crops/Cropplanguide/guide/2014.pdf
2014,Black,flax,flax,23.7,bu/ac,12.9,305.73,148.14,222.21,https://library.usask.ca/gp/sk/da/crops/Cropplanguide/guide/2014.pdf
2014,Brown,flax,flax,17.9,bu/ac,12.9,230.91,135.7,190.3,https://library.usask.ca/gp/sk/da/crops/Cropplanguide/guide/2014.pdf
2014,Dark Brown,flax,flax,23.3,bu/ac,12.9,300.57,140.18,205.18,https://library.usask.ca/gp/sk/da/crops/Cropplanguide/guide/2014.pdf
2014,Black,green_peas,edible green peas,37.1,bu/ac,9.0,333.9,163.72,246.76,https://library.usask.ca/gp/sk/da/crops/Cropplanguide/guide/2014.pdf
2014,Brown,green_peas,edible green peas,32.5,bu/ac,9.0,292.5,156.48,220.05,https://library.usask.ca/gp/sk/da/crops/Cropplanguide/guide/2014.pdf
2014,Dark Brown,green_peas,edible green peas,37.3,bu/ac,9.0,335.7,156.69,230.66,https://library.usask.ca/gp/sk/da/crops/Cropplanguide/guide/2014.pdf
2014,Black,large_green_lentils,large green lentil,1189.6,lb/ac,0.21,249.82,178.22,261.26,https://library.usask.ca/gp/sk/da/crops/Cropplanguide/guide/2014.pdf
2014,Brown,large_green_lentils,large green lentil,1312.2,lb/ac,0.21,275.56,169.88,233.45,https://library.usask.ca/gp/sk/da/crops/Cropplanguide/guide/2014.pdf
2014,Dark Brown,large_green_lentils,large green lentil,1422.0,lb/ac,0.21,298.62,174.35,248.32,https://library.usask.ca/gp/sk/da/crops/Cropplanguide/guide/2014.pdf
2014,Black,malt_barley,malt barley,64.0,bu/ac,4.1,262.4,147.37,221.44,https://library.usask.ca/gp/sk/da/crops/Cropplanguide/guide/2014.pdf
2014,Brown,malt_barley,malt barley,47.2,bu/ac,4.1,193.52,130.78,185.38,https://library.usask.ca/gp/sk/da/crops/Cropplanguide/guide/2014.pdf
2014,Dark Brown,malt_barley,malt barley,57.1,bu/ac,4.1,234.11,139.73,204.73,https://library.usask.ca/gp/sk/da/crops/Cropplanguide/guide/2014.pdf
2014,Black,oats,oats,99.1,bu/ac,2.6,257.66,140.59,214.66,https://library.usask.ca/gp/sk/da/crops/Cropplanguide/guide/2014.pdf
2014,Brown,oats,oats,53.9,bu/ac,2.6,140.14,123.28,177.88,https://library.usask.ca/gp/sk/da/crops/Cropplanguide/guide/2014.pdf
2014,Dark Brown,oats,oats,68.9,bu/ac,2.6,179.14,131.67,196.67,https://library.usask.ca/gp/sk/da/crops/Cropplanguide/guide/2014.pdf
2014,Black,red_lentils,red lentil,1298.0,lb/ac,0.2,259.6,173.64,256.68,https://library.usask.ca/gp/sk/da/crops/Cropplanguide/guide/2014.pdf
2014,Brown,red_lentils,red lentil,1403.4,lb/ac,0.2,280.68,160.46,224.03,https://library.usask.ca/gp/sk/da/crops/Cropplanguide/guide/2014.pdf
2014,Dark Brown,red_lentils,red lentil,1530.6,lb/ac,0.2,306.12,164.15,238.12,https://library.usask.ca/gp/sk/da/crops/Cropplanguide/guide/2014.pdf
2014,Black,spring_wheat,spring wheat,47.8,bu/ac,5.75,274.85,156.46,230.53,https://library.usask.ca/gp/sk/da/crops/Cropplanguide/guide/2014.pdf
2014,Brown,spring_wheat,spring wheat,34.9,bu/ac,5.75,200.68,134.76,189.36,https://library.usask.ca/gp/sk/da/crops/Cropplanguide/guide/2014.pdf
2014,Dark Brown,spring_wheat,spring wheat,39.0,bu/ac,5.75,224.25,144.66,209.66,https://library.usask.ca/gp/sk/da/crops/Cropplanguide/guide/2014.pdf
2014,Black,yellow_peas,edible yellow peas,37.1,bu/ac,7.0,259.7,153.0,236.04,https://library.usask.ca/gp/sk/da/crops/Cropplanguide/guide/2014.pdf
2014,Brown,yellow_peas,edible yellow peas,32.5,bu/ac,7.0,227.5,145.76,209.33,https://library.usask.ca/gp/sk/da/crops/Cropplanguide/guide/2014.pdf
2014,Dark Brown,yellow_peas,edible yellow peas,37.3,bu/ac,7.0,261.1,145.97,219.94,https://library.usask.ca/gp/sk/da/crops/Cropplanguide/guide/2014.pdf
2015,Black,canola,canola,36.6,bu/ac,9.48,346.97,221.43,336.82,https://publications.saskatchewan.ca/api/v1/products/122661/formats/146670/download
2015,Brown,canola,canola,27.7,bu/ac,9.48,262.6,195.22,288.02,https://publications.saskatchewan.ca/api/v1/products/122661/formats/146670/download
2015,Dark Brown,canola,canola,36.3,bu/ac,9.48,344.12,218.53,325.69,https://publications.saskatchewan.ca/api/v1/products/122661/formats/146670/download
2015,Brown,durum,durum wheat,34.7,bu/ac,6.12,212.36,138.74,231.54,https://publications.saskatchewan.ca/api/v1/products/122661/formats/146670/download
2015,Dark Brown,durum,durum wheat,43.1,bu/ac,6.12,263.77,162.63,269.79,https://publications.saskatchewan.ca/api/v1/products/122661/formats/146670/download
2015,Black,feed_barley,feed barley,74.7,bu/ac,3.46,258.46,156.0,271.39,https://publications.saskatchewan.ca/api/v1/products/122661/formats/146670/download
2015,Brown,feed_barley,feed barley,56.6,bu/ac,3.46,195.84,124.84,217.64,https://publications.saskatchewan.ca/api/v1/products/122661/formats/146670/download
2015,Dark Brown,feed_barley,feed barley,68.1,bu/ac,3.46,235.63,143.91,251.07,https://publications.saskatchewan.ca/api/v1/products/122661/formats/146670/download
2015,Black,flax,flax,24.7,bu/ac,11.81,291.71,146.47,261.86,https://publications.saskatchewan.ca/api/v1/products/122661/formats/146670/download
2015,Brown,flax,flax,17.9,bu/ac,11.81,211.4,122.95,215.75,https://publications.saskatchewan.ca/api/v1/products/122661/formats/146670/download
2015,Dark Brown,flax,flax,24.9,bu/ac,11.81,294.07,137.62,244.78,https://publications.saskatchewan.ca/api/v1/products/122661/formats/146670/download
2015,Black,green_peas,edible green peas,34.9,bu/ac,8.11,283.04,164.94,280.33,https://publications.saskatchewan.ca/api/v1/products/122661/formats/146670/download
2015,Brown,green_peas,edible green peas,31.0,bu/ac,8.11,251.41,135.02,227.82,https://publications.saskatchewan.ca/api/v1/products/122661/formats/146670/download
2015,Dark Brown,green_peas,edible green peas,33.3,bu/ac,8.11,270.06,146.48,253.64,https://publications.saskatchewan.ca/api/v1/products/122661/formats/146670/download
2015,Black,large_green_lentils,large green lentil,1188.0,lb/ac,0.35,415.8,204.06,319.45,https://publications.saskatchewan.ca/api/v1/products/122661/formats/146670/download
2015,Brown,large_green_lentils,large green lentil,1312.2,lb/ac,0.35,459.27,182.14,274.94,https://publications.saskatchewan.ca/api/v1/products/122661/formats/146670/download
2015,Dark Brown,large_green_lentils,large green lentil,1422.0,lb/ac,0.35,497.7,191.42,298.58,https://publications.saskatchewan.ca/api/v1/products/122661/formats/146670/download
2015,Black,malt_barley,malt barley,67.9,bu/ac,4.5,305.55,156.05,271.44,https://publications.saskatchewan.ca/api/v1/products/122661/formats/146670/download
2015,Brown,malt_barley,malt barley,47.2,bu/ac,4.5,212.4,121.29,214.09,https://publications.saskatchewan.ca/api/v1/products/122661/formats/146670/download
2015,Dark Brown,malt_barley,malt barley,61.9,bu/ac,4.5,278.55,125.74,232.9,https://publications.saskatchewan.ca/api/v1/products/122661/formats/146670/download
2015,Black,oats,oats,93.8,bu/ac,2.48,232.62,144.83,260.22,https://publications.saskatchewan.ca/api/v1/products/122661/formats/146670/download
2015,Brown,oats,oats,57.1,bu/ac,2.48,141.61,107.18,199.98,https://publications.saskatchewan.ca/api/v1/products/122661/formats/146670/download
2015,Dark Brown,oats,oats,76.5,bu/ac,2.48,189.72,126.86,234.02,https://publications.saskatchewan.ca/api/v1/products/122661/formats/146670/download
2015,Brown,red_lentils,red lentil,1403.4,lb/ac,0.24,336.82,171.47,264.27,https://publications.saskatchewan.ca/api/v1/products/122661/formats/146670/download
2015,Dark Brown,red_lentils,red lentil,1530.6,lb/ac,0.24,367.34,179.97,287.13,https://publications.saskatchewan.ca/api/v1/products/122661/formats/146670/download
2015,Black,soybeans,soybean,30.0,bu/ac,10.07,302.1,211.91,327.3,https://publications.saskatchewan.ca/api/v1/products/122661/formats/146670/download
2015,Brown,soybeans,soybean,25.0,bu/ac,10.07,251.75,197.76,290.56,https://publications.saskatchewan.ca/api/v1/products/122661/formats/146670/download
2015,Dark Brown,soybeans,soybean,30.0,bu/ac,10.07,302.1,203.62,310.78,https://publications.saskatchewan.ca/api/v1/products/122661/formats/146670/download
2015,Black,spring_wheat,spring wheat,46.9,bu/ac,6.11,286.56,167.91,283.3,https://publications.saskatchewan.ca/api/v1/products/122661/formats/146670/download
2015,Brown,spring_wheat,spring wheat,30.0,bu/ac,6.11,183.3,122.37,215.17,https://publications.saskatchewan.ca/api/v1/products/122661/formats/146670/download
2015,Dark Brown,spring_wheat,spring wheat,42.0,bu/ac,6.11,256.62,148.79,255.95,https://publications.saskatchewan.ca/api/v1/products/122661/formats/146670/download
2015,Black,yellow_peas,edible yellow peas,34.9,bu/ac,6.04,210.8,157.41,272.8,https://publications.saskatchewan.ca/api/v1/products/122661/formats/146670/download
2015,Brown,yellow_peas,edible yellow peas,31.0,bu/ac,6.04,187.24,129.03,221.83,https://publications.saskatchewan.ca/api/v1/products/122661/formats/146670/download
2015,Dark Brown,yellow_peas,edible yellow peas,33.3,bu/ac,8.11,270.06,146.48,253.64,https://publications.saskatchewan.ca/api/v1/products/122661/formats/146670/download
2016,Black,canola,canola,41.2,bu/ac,10.11,416.56,228.29,343.77,https://publications.saskatchewan.ca/api/v1/products/122661/formats/146669/download
2016,Brown,canola,canola,33.0,bu/ac,10.11,333.63,187.69,280.54,https://publications.saskatchewan.ca/api/v1/products/122661/formats/146669/download
2016,Dark Brown,canola,canola,37.9,bu/ac,10.11,383.17,198.99,306.23,https://publications.saskatchewan.ca/api/v1/products/122661/formats/146669/download
2016,Brown,durum,durum wheat,42.1,bu/ac,7.08,298.22,143.24,236.1,https://publications.saskatchewan.ca/api/v1/products/122661/formats/146669/download
2016,Dark Brown,durum,durum wheat,46.5,bu/ac,7.08,329.39,160.68,267.92,https://publications.saskatchewan.ca/api/v1/products/122661/formats/146669/download
2016,Black,feed_barley,feed barley,70.8,bu/ac,3.7,262.24,148.1,263.58,https://publications.saskatchewan.ca/api/v1/products/122661/formats/146669/download
2016,Brown,feed_barley,feed barley,59.0,bu/ac,3.7,218.3,122.55,215.41,https://publications.saskatchewan.ca/api/v1/products/122661/formats/146669/download
2016,Dark Brown,feed_barley,feed barley,64.6,bu/ac,3.7,239.02,136.09,243.33,https://publications.saskatchewan.ca/api/v1/products/122661/formats/146669/download
2016,Black,flax,flax,24.3,bu/ac,10.59,257.34,152.51,267.99,https://publications.saskatchewan.ca/api/v1/products/122661/formats/146669/download
2016,Brown,flax,flax,20.8,bu/ac,10.59,220.27,129.08,221.94,https://publications.saskatchewan.ca/api/v1/products/122661/formats/146669/download
2016,Dark Brown,flax,flax,23.1,bu/ac,10.59,244.63,138.67,245.91,https://publications.saskatchewan.ca/api/v1/products/122661/formats/146669/download
2016,Black,green_peas,edible green pea,39.2,bu/ac,7.01,274.64,153.96,269.44,https://publications.saskatchewan.ca/api/v1/products/122661/formats/146669/download
2016,Brown,green_peas,edible green peas,33.9,bu/ac,7.01,237.64,126.06,218.92,https://publications.saskatchewan.ca/api/v1/products/122661/formats/146669/download
2016,Dark Brown,green_peas,edible green peas,36.9,bu/ac,7.01,258.67,139.03,246.27,https://publications.saskatchewan.ca/api/v1/products/122661/formats/146669/download
2016,Black,large_green_lentils,large green lentil,1279.0,lb/ac,0.31,395.47,210.03,325.51,https://publications.saskatchewan.ca/api/v1/products/122661/formats/146669/download
2016,Brown,large_green_lentils,large green lentil,1398.0,lb/ac,0.31,433.38,191.61,284.47,https://publications.saskatchewan.ca/api/v1/products/122661/formats/146669/download
2016,Dark Brown,large_green_lentils,large green lentil,1335.0,lb/ac,0.31,413.85,196.27,303.51,https://publications.saskatchewan.ca/api/v1/products/122661/formats/146669/download
2016,Black,malt_barley,malt barley,57.9,bu/ac,5.5,318.46,147.91,263.39,https://publications.saskatchewan.ca/api/v1/products/122661/formats/146669/download
2016,Brown,malt_barley,malt barley,48.3,bu/ac,5.5,265.66,122.24,215.1,https://publications.saskatchewan.ca/api/v1/products/122661/formats/146669/download
2016,Dark Brown,malt_barley,malt barley,52.9,bu/ac,5.5,290.96,134.73,241.97,https://publications.saskatchewan.ca/api/v1/products/122661/formats/146669/download
2016,Black,oats,oats,96.9,bu/ac,2.65,257.13,142.3,257.78,https://publications.saskatchewan.ca/api/v1/products/122661/formats/146669/download
2016,Brown,oats,oats,57.4,bu/ac,2.65,152.11,103.55,196.41,https://publications.saskatchewan.ca/api/v1/products/122661/formats/146669/download
2016,Dark Brown,oats,oats,76.5,bu/ac,2.65,202.73,123.97,231.21,https://publications.saskatchewan.ca/api/v1/products/122661/formats/146669/download
2016,Black,red_lentils,red lentil,1484.0,lb/ac,0.33,494.55,202.78,318.26,https://publications.saskatchewan.ca/api/v1/products/122661/formats/146669/download
2016,Brown,red_lentils,red lentil,1515.0,lb/ac,0.33,499.95,183.75,276.61,https://publications.saskatchewan.ca/api/v1/products/122661/formats/146669/download
2016,Dark Brown,red_lentils,red lentil,1508.0,lb/ac,0.33,497.64,188.82,296.06,https://publications.saskatchewan.ca/api/v1/products/122661/formats/146669/download
2016,Black,soybeans,soybean,30.0,bu/ac,9.35,280.61,205.53,321.01,https://publications.saskatchewan.ca/api/v1/products/122661/formats/146669/download
2016,Brown,soybeans,soybean,25.0,bu/ac,9.35,233.75,184.3,277.16,https://publications.saskatchewan.ca/api/v1/products/122661/formats/146669/download
2016,Dark Brown,soybeans,soybean,30.0,bu/ac,9.35,280.5,195.49,302.73,https://publications.saskatchewan.ca/api/v1/products/122661/formats/146669/download
2016,Black,spring_wheat,spring wheat,49.0,bu/ac,6.57,322.13,165.5,280.98,https://publications.saskatchewan.ca/api/v1/products/122661/formats/146669/download
2016,Brown,spring_wheat,spring wheat,37.1,bu/ac,6.57,243.9,129.48,222.34,https://publications.saskatchewan.ca/api/v1/products/122661/formats/146669/download
2016,Dark Brown,spring_wheat,spring wheat,43.2,bu/ac,6.57,284.0,147.67,254.91,https://publications.saskatchewan.ca/api/v1/products/122661/formats/146669/download
2016,Black,yellow_peas,edible yellow pea,39.2,bu/ac,8.74,342.46,161.32,276.8,https://publications.saskatchewan.ca/api/v1/products/122661/formats/146669/download
2016,Brown,yellow_peas,edible yellow peas,33.9,bu/ac,8.74,296.29,131.65,224.51,https://publications.saskatchewan.ca/api/v1/products/122661/formats/146669/download
2016,Dark Brown,yellow_peas,edible yellow peas,36.9,bu/ac,8.74,322.51,145.6,252.84,https://publications.saskatchewan.ca/api/v1/products/122661/formats/146669/download
2017,Black,canola,canola,42.4,bu/ac,10.58,448.59,269.92,378.21,https://publications.saskatchewan.ca/api/v1/products/122661/formats/146668/download
2017,Brown,canola,canola,41.5,bu/ac,10.58,439.07,244.89,332.83,https://publications.saskatchewan.ca/api/v1/products/122661/formats/146668/download
2017,Dark Brown,canola,canola,41.6,bu/ac,10.58,440.13,264.71,365.69,https://publications.saskatchewan.ca/api/v1/products/122661/formats/146668/download
2017,Brown,durum,durum wheat,47.9,bu/ac,6.69,320.45,195.14,283.08,https://publications.saskatchewan.ca/api/v1/products/122661/formats/146668/download
2017,Dark Brown,durum,durum wheat,53.4,bu/ac,6.69,357.25,209.6,310.58,https://publications.saskatchewan.ca/api/v1/products/122661/formats/146668/download
2017,Black,feed_barley,feed barley,71.9,bu/ac,3.22,231.52,187.42,295.72,https://publications.saskatchewan.ca/api/v1/products/122661/formats/146668/download
2017,Brown,feed_barley,feed barley,62.3,bu/ac,3.22,200.61,135.78,223.72,https://publications.saskatchewan.ca/api/v1/products/122661/formats/146668/download
2017,Dark Brown,feed_barley,feed barley,65.2,bu/ac,3.22,209.94,144.31,245.29,https://publications.saskatchewan.ca/api/v1/products/122661/formats/146668/download
2017,Black,flax,flax,27.5,bu/ac,10.71,294.53,197.41,305.7,https://publications.saskatchewan.ca/api/v1/products/122661/formats/146668/download
2017,Brown,flax,flax,26.9,bu/ac,10.71,288.1,158.15,246.08,https://publications.saskatchewan.ca/api/v1/products/122661/formats/146668/download
2017,Dark Brown,flax,flax,28.1,bu/ac,10.71,300.95,190.97,291.95,https://publications.saskatchewan.ca/api/v1/products/122661/formats/146668/download
2017,Black,green_peas,edible green peas,42.1,bu/ac,8.14,342.69,230.54,338.83,https://publications.saskatchewan.ca/api/v1/products/122661/formats/146668/download
2017,Brown,green_peas,edible green peas,39.1,bu/ac,8.14,318.27,205.1,293.04,https://publications.saskatchewan.ca/api/v1/products/122661/formats/146668/download
2017,Dark Brown,green_peas,edible green peas,41.0,bu/ac,8.14,333.74,216.02,317.0,https://publications.saskatchewan.ca/api/v1/products/122661/formats/146668/download
2017,Black,large_green_lentils,large green lentils,1192.3,lb/ac,0.45,536.54,297.25,405.54,https://publications.saskatchewan.ca/api/v1/products/122661/formats/146668/download
2017,Brown,large_green_lentils,large green lentils,1745.4,lb/ac,0.45,785.43,290.97,378.91,https://publications.saskatchewan.ca/api/v1/products/122661/formats/146668/download
2017,Dark Brown,large_green_lentils,large green lentils,1477.1,lb/ac,0.45,664.7,297.31,398.29,https://publications.saskatchewan.ca/api/v1/products/122661/formats/146668/download
2017,Black,malt_barley,malt barley,58.8,bu/ac,5.44,319.87,243.38,351.68,https://publications.saskatchewan.ca/api/v1/products/122661/formats/146668/download
2017,Brown,malt_barley,malt barley,51.0,bu/ac,5.44,277.44,209.69,297.63,https://publications.saskatchewan.ca/api/v1/products/122661/formats/146668/download
2017,Dark Brown,malt_barley,malt barley,53.4,bu/ac,5.44,290.5,231.45,332.44,https://publications.saskatchewan.ca/api/v1/products/122661/formats/146668/download
2017,Black,oats,oats,115.4,bu/ac,2.62,302.35,173.01,281.3,https://publications.saskatchewan.ca/api/v1/products/122661/formats/146668/download
2017,Brown,oats,oats,55.9,bu/ac,2.62,146.46,116.52,204.46,https://publications.saskatchewan.ca/api/v1/products/122661/formats/146668/download
2017,Dark Brown,oats,oats,87.1,bu/ac,2.62,228.2,142.38,243.36,https://publications.saskatchewan.ca/api/v1/products/122661/formats/146668/download
2017,Black,red_lentils,red lentils,1586.2,lb/ac,0.3,475.86,257.91,366.2,https://publications.saskatchewan.ca/api/v1/products/122661/formats/146668/download
2017,Brown,red_lentils,red lentils,1954.7,lb/ac,0.3,586.41,244.06,332.0,https://publications.saskatchewan.ca/api/v1/products/122661/formats/146668/download
2017,Dark Brown,red_lentils,red lentils,1756.0,lb/ac,0.3,526.8,247.24,348.22,https://publications.saskatchewan.ca/api/v1/products/122661/formats/146668/download
2017,Black,soybeans,soybean,31.8,bu/ac,12.43,395.27,205.55,313.84,https://publications.saskatchewan.ca/api/v1/products/122661/formats/146668/download
2017,Brown,soybeans,soybean,26.7,bu/ac,12.43,331.88,191.93,279.87,https://publications.saskatchewan.ca/api/v1/products/122661/formats/146668/download
2017,Dark Brown,soybeans,soybean,30.7,bu/ac,12.43,381.6,198.15,299.13,https://publications.saskatchewan.ca/api/v1/products/122661/formats/146668/download
2017,Black,spring_wheat,spring wheat,54.0,bu/ac,6.01,324.54,240.0,348.29,https://publications.saskatchewan.ca/api/v1/products/122661/formats/146668/download
2017,Brown,spring_wheat,spring wheat,41.0,bu/ac,6.01,246.41,199.67,287.61,https://publications.saskatchewan.ca/api/v1/products/122661/formats/146668/download
2017,Dark Brown,spring_wheat,spring wheat,47.7,bu/ac,6.01,286.68,223.01,323.99,https://publications.saskatchewan.ca/api/v1/products/122661/formats/146668/download
2017,Black,yellow_peas,edible yellow peas,42.1,bu/ac,7.59,319.54,231.19,339.48,https://publications.saskatchewan.ca/api/v1/products/122661/formats/146668/download
2017,Brown,yellow_peas,edible yellow peas,39.1,bu/ac,7.59,296.77,205.41,293.35,https://publications.saskatchewan.ca/api/v1/products/122661/formats/146668/download
2017,Dark Brown,yellow_peas,edible yellow peas,41.0,bu/ac,7.59,311.19,216.66,317.64,https://publications.saskatchewan.ca/api/v1/products/122661/formats/146668/download
2018,Black,canola,canola,46.8,bu/ac,11.36,531.65,272.6,410.27,https://publications.saskatchewan.ca/api/v1/products/122661/formats/146667/download
2018,Brown,canola,canola,45.3,bu/ac,11.36,514.61,252.66,356.16,https://publications.saskatchewan.ca/api/v1/products/122661/formats/146667/download
2018,Dark Brown,canola,canola,45.2,bu/ac,11.36,513.47,267.43,387.19,https://publications.saskatchewan.ca/api/v1/products/122661/formats/146667/download
2018,Brown,durum,durum wheat,52.1,bu/ac,6.96,362.62,218.64,322.13,https://publications.saskatchewan.ca/api/v1/products/122661/formats/146667/download
2018,Dark Brown,durum,durum wheat,60.3,bu/ac,6.96,419.69,232.83,352.59,https://publications.saskatchewan.ca/api/v1/products/122661/formats/146667/download
2018,Black,feed_barley,feed barley,80.5,bu/ac,3.7,297.85,206.75,344.42,https://publications.saskatchewan.ca/api/v1/products/122661/formats/146667/download
2018,Brown,feed_barley,feed barley,69.4,bu/ac,3.7,256.78,151.4,254.89,https://publications.saskatchewan.ca/api/v1/products/122661/formats/146667/download
2018,Dark Brown,feed_barley,feed barley,72.9,bu/ac,3.7,269.73,158.8,278.56,https://publications.saskatchewan.ca/api/v1/products/122661/formats/146667/download
2018,Black,flax,flax,31.2,bu/ac,12.5,390.0,207.7,345.37,https://publications.saskatchewan.ca/api/v1/products/122661/formats/146667/download
2018,Brown,flax,flax,29.2,bu/ac,12.5,365.0,167.8,271.29,https://publications.saskatchewan.ca/api/v1/products/122661/formats/146667/download
2018,Dark Brown,flax,flax,30.9,bu/ac,12.5,386.25,202.01,321.77,https://publications.saskatchewan.ca/api/v1/products/122661/formats/146667/download
2018,Black,green_peas,edible green peas,49.2,bu/ac,8.0,393.6,240.58,378.25,https://publications.saskatchewan.ca/api/v1/products/122661/formats/146667/download
2018,Brown,green_peas,edible green peas,42.9,bu/ac,8.0,343.2,221.82,325.32,https://publications.saskatchewan.ca/api/v1/products/122661/formats/146667/download
2018,Dark Brown,green_peas,edible green peas,45.7,bu/ac,8.0,365.6,229.5,349.26,https://publications.saskatchewan.ca/api/v1/products/122661/formats/146667/download
2018,Black,large_green_lentils,large green lentils,1713.5,lb/ac,0.29,496.92,301.39,439.06,https://publications.saskatchewan.ca/api/v1/products/122661/formats/146667/download
2018,Brown,large_green_lentils,large green lentils,1810.0,lb/ac,0.29,524.9,298.33,401.83,https://publications.saskatchewan.ca/api/v1/products/122661/formats/146667/download
2018,Dark Brown,large_green_lentils,large green lentils,1777.8,lb/ac,0.29,515.56,304.08,423.84,https://publications.saskatchewan.ca/api/v1/products/122661/formats/146667/download
2018,Black,malt_barley,malt barley,65.8,bu/ac,4.68,307.94,252.22,389.89,https://publications.saskatchewan.ca/api/v1/products/122661/formats/146667/download
2018,Brown,malt_barley,malt barley,56.8,bu/ac,4.68,265.82,217.34,320.84,https://publications.saskatchewan.ca/api/v1/products/122661/formats/146667/download
2018,Dark Brown,malt_barley,malt barley,59.7,bu/ac,4.68,279.4,241.25,361.01,https://publications.saskatchewan.ca/api/v1/products/122661/formats/146667/download
2018,Black,oats,oats,124.4,bu/ac,2.93,364.49,184.97,322.64,https://publications.saskatchewan.ca/api/v1/products/122661/formats/146667/download
2018,Brown,oats,oats,65.5,bu/ac,2.93,191.92,127.88,231.38,https://publications.saskatchewan.ca/api/v1/products/122661/formats/146667/download
2018,Dark Brown,oats,oats,96.6,bu/ac,2.93,283.04,151.62,271.39,https://publications.saskatchewan.ca/api/v1/products/122661/formats/146667/download
2018,Black,red_lentils,red lentils,1873.5,lb/ac,0.17,318.5,273.3,410.97,https://publications.saskatchewan.ca/api/v1/products/122661/formats/146667/download
2018,Brown,red_lentils,red lentils,2039.4,lb/ac,0.17,346.7,261.42,364.91,https://publications.saskatchewan.ca/api/v1/products/122661/formats/146667/download
2018,Dark Brown,red_lentils,red lentils,1971.9,lb/ac,0.17,335.22,263.79,383.55,https://publications.saskatchewan.ca/api/v1/products/122661/formats/146667/download
2018,Black,soybeans,soybean,25.8,bu/ac,11.48,296.18,232.84,370.51,https://publications.saskatchewan.ca/api/v1/products/122661/formats/146667/download
2018,Brown,soybeans,soybean,31.0,bu/ac,11.48,355.88,222.88,326.37,https://publications.saskatchewan.ca/api/v1/products/122661/formats/146667/download
2018,Dark Brown,soybeans,soybean,23.5,bu/ac,11.48,269.78,227.39,347.15,https://publications.saskatchewan.ca/api/v1/products/122661/formats/146667/download
2018,Black,spring_wheat,spring wheat,57.3,bu/ac,6.69,383.34,254.58,392.25,https://publications.saskatchewan.ca/api/v1/products/122661/formats/146667/download
2018,Brown,spring_wheat,spring wheat,44.3,bu/ac,6.69,296.37,214.18,317.67,https://publications.saskatchewan.ca/api/v1/products/122661/formats/146667/download
2018,Dark Brown,spring_wheat,spring wheat,51.1,bu/ac,6.69,341.86,237.74,357.5,https://publications.saskatchewan.ca/api/v1/products/122661/formats/146667/download
2018,Black,yellow_peas,edible yellow peas,49.2,bu/ac,7.0,344.4,241.04,378.71,https://publications.saskatchewan.ca/api/v1/products/122661/formats/146667/download
2018,Brown,yellow_peas,edible yellow peas,42.9,bu/ac,7.0,300.3,222.06,325.55,https://publications.saskatchewan.ca/api/v1/products/122661/formats/146667/download
2018,Dark Brown,yellow_peas,edible yellow peas,45.7,bu/ac,7.0,319.9,229.96,349.72,https://publications.saskatchewan.ca/api/v1/products/122661/formats/146667/download
2019,Black,canola,canola,52.7,bu/ac,11.59,610.79,312.94,464.26,https://publications.saskatchewan.ca/api/v1/products/122661/formats/146666/download
2019,Brown,canola,canola,48.2,bu/ac,11.59,558.64,291.81,415.23,https://publications.saskatchewan.ca/api/v1/products/122661/formats/146666/download
2019,Dark Brown,canola,canola,50.5,bu/ac,11.59,585.3,303.78,444.84,https://publications.saskatchewan.ca/api/v1/products/122661/formats/146666/download
2019,Brown,durum,durum wheat,57.1,bu/ac,6.96,397.42,227.82,351.24,https://publications.saskatchewan.ca/api/v1/products/122661/formats/146666/download
2019,Dark Brown,durum,durum wheat,64.6,bu/ac,6.96,449.62,247.4,388.46,https://publications.saskatchewan.ca/api/v1/products/122661/formats/146666/download
2019,Black,feed_barley,feed barley,93.2,bu/ac,3.94,367.21,241.07,392.38,https://publications.saskatchewan.ca/api/v1/products/122661/formats/146666/download
2019,Brown,feed_barley,feed barley,79.8,bu/ac,3.94,314.41,183.62,307.03,https://publications.saskatchewan.ca/api/v1/products/122661/formats/146666/download
2019,Dark Brown,feed_barley,feed barley,84.6,bu/ac,3.94,333.32,193.73,334.8,https://publications.saskatchewan.ca/api/v1/products/122661/formats/146666/download
2019,Black,flax,flax,36.0,bu/ac,12.62,454.32,242.51,393.82,https://publications.saskatchewan.ca/api/v1/products/122661/formats/146666/download
2019,Brown,flax,flax,33.0,bu/ac,12.62,416.46,194.6,318.02,https://publications.saskatchewan.ca/api/v1/products/122661/formats/146666/download
2019,Dark Brown,flax,flax,34.9,bu/ac,12.62,440.44,231.86,372.92,https://publications.saskatchewan.ca/api/v1/products/122661/formats/146666/download
2019,Black,green_peas,edible green peas,58.8,bu/ac,8.0,470.4,255.48,406.8,https://publications.saskatchewan.ca/api/v1/products/122661/formats/146666/download
2019,Brown,green_peas,edible green peas,48.0,bu/ac,8.0,384.0,229.82,353.24,https://publications.saskatchewan.ca/api/v1/products/122661/formats/146666/download
2019,Dark Brown,green_peas,edible green peas,53.1,bu/ac,8.0,424.8,240.68,381.74,https://publications.saskatchewan.ca/api/v1/products/122661/formats/146666/download
2019,Black,large_green_lentils,large green lentils,1862.5,lb/ac,0.21,391.13,251.3,402.62,https://publications.saskatchewan.ca/api/v1/products/122661/formats/146666/download
2019,Brown,large_green_lentils,large green lentils,1879.2,lb/ac,0.21,394.63,242.92,366.34,https://publications.saskatchewan.ca/api/v1/products/122661/formats/146666/download
2019,Dark Brown,large_green_lentils,large green lentils,1883.9,lb/ac,0.21,395.62,248.56,389.62,https://publications.saskatchewan.ca/api/v1/products/122661/formats/146666/download
2019,Black,malt_barley,malt barley,76.2,bu/ac,4.74,361.19,276.1,427.42,https://publications.saskatchewan.ca/api/v1/products/122661/formats/146666/download
2019,Brown,malt_barley,malt barley,65.3,bu/ac,4.74,309.52,239.5,362.91,https://publications.saskatchewan.ca/api/v1/products/122661/formats/146666/download
2019,Dark Brown,malt_barley,malt barley,69.3,bu/ac,4.74,328.48,241.54,382.6,https://publications.saskatchewan.ca/api/v1/products/122661/formats/146666/download
2019,Black,oats,oats,145.3,bu/ac,3.1,450.43,221.12,372.43,https://publications.saskatchewan.ca/api/v1/products/122661/formats/146666/download
2019,Brown,oats,oats,90.3,bu/ac,3.1,279.93,157.82,281.23,https://publications.saskatchewan.ca/api/v1/products/122661/formats/146666/download
2019,Dark Brown,oats,oats,115.3,bu/ac,3.1,357.43,182.98,324.04,https://publications.saskatchewan.ca/api/v1/products/122661/formats/146666/download
2019,Black,red_lentils,red lentils,2337.9,lb/ac,0.16,374.06,237.34,388.66,https://publications.saskatchewan.ca/api/v1/products/122661/formats/146666/download
2019,Brown,red_lentils,red lentils,2109.0,lb/ac,0.16,337.44,222.11,345.53,https://publications.saskatchewan.ca/api/v1/products/122661/formats/146666/download
2019,Dark Brown,red_lentils,red lentils,2153.0,lb/ac,0.16,344.48,226.07,367.13,https://publications.saskatchewan.ca/api/v1/products/122661/formats/146666/download
2019,Black,soybeans,soybean,37.4,bu/ac,10.66,398.68,241.03,392.34,https://publications.saskatchewan.ca/api/v1/products/122661/formats/146666/download
2019,Dark Brown,soybeans,soybean,32.7,bu/ac,10.66,348.58,233.79,374.85,https://publications.saskatchewan.ca/api/v1/products/122661/formats/146666/download
2019,Black,spring_wheat,spring wheat,65.2,bu/ac,6.75,440.1,269.23,420.55,https://publications.saskatchewan.ca/api/v1/products/122661/formats/146666/download
2019,Brown,spring_wheat,spring wheat,51.6,bu/ac,6.75,348.3,223.85,347.27,https://publications.saskatchewan.ca/api/v1/products/122661/formats/146666/download
2019,Dark Brown,spring_wheat,spring wheat,59.5,bu/ac,6.75,401.63,232.51,373.57,https://publications.saskatchewan.ca/api/v1/products/122661/formats/146666/download
2019,Black,yellow_peas,edible yellow peas,58.8,bu/ac,6.53,383.96,249.99,401.31,https://publications.saskatchewan.ca/api/v1/products/122661/formats/146666/download
2019,Brown,yellow_peas,edible yellow peas,48.0,bu/ac,6.53,313.44,225.42,348.84,https://publications.saskatchewan.ca/api/v1/products/122661/formats/146666/download
2019,Dark Brown,yellow_peas,edible yellow peas,53.1,bu/ac,6.53,346.74,235.86,376.92,https://publications.saskatchewan.ca/api/v1/products/122661/formats/146666/download
2020,Black,canola,canola,53.8,bu/ac,10.7,575.66,351.8,503.91,https://publications.saskatchewan.ca/api/v1/products/122661/formats/146665/download
2020,Brown,canola,canola,48.5,bu/ac,10.7,518.95,288.94,412.83,https://publications.saskatchewan.ca/api/v1/products/122661/formats/146665/download
2020,Dark Brown,canola,canola,50.3,bu/ac,10.7,538.21,338.39,480.07,https://publications.saskatchewan.ca/api/v1/products/122661/formats/146665/download
2020,Brown,durum,durum wheat,52.9,bu/ac,6.61,349.67,204.83,328.72,https://publications.saskatchewan.ca/api/v1/products/122661/formats/146665/download
2020,Dark Brown,durum,durum wheat,60.6,bu/ac,6.61,400.57,223.53,365.21,https://publications.saskatchewan.ca/api/v1/products/122661/formats/146665/download
2020,Black,feed_barley,feed barley,91.9,bu/ac,3.94,362.09,214.3,366.41,https://publications.saskatchewan.ca/api/v1/products/122661/formats/146665/download
2020,Brown,feed_barley,feed barley,76.7,bu/ac,3.94,302.2,173.61,297.5,https://publications.saskatchewan.ca/api/v1/products/122661/formats/146665/download
2020,Dark Brown,feed_barley,feed barley,81.8,bu/ac,3.94,322.29,184.26,325.93,https://publications.saskatchewan.ca/api/v1/products/122661/formats/146665/download
2020,Black,flax,flax,34.3,bu/ac,13.78,472.65,236.09,388.2,https://publications.saskatchewan.ca/api/v1/products/122661/formats/146665/download
2020,Brown,flax,flax,30.3,bu/ac,13.78,417.53,185.83,309.72,https://publications.saskatchewan.ca/api/v1/products/122661/formats/146665/download
2020,Dark Brown,flax,flax,33.1,bu/ac,13.78,456.12,226.31,367.99,https://publications.saskatchewan.ca/api/v1/products/122661/formats/146665/download
2020,Black,green_peas,edible green peas,58.4,bu/ac,12.13,708.39,262.97,415.08,https://publications.saskatchewan.ca/api/v1/products/122661/formats/146665/download
2020,Brown,green_peas,edible green peas,43.7,bu/ac,12.13,530.08,229.74,353.63,https://publications.saskatchewan.ca/api/v1/products/122661/formats/146665/download
2020,Dark Brown,green_peas,edible green peas,51.1,bu/ac,12.13,619.84,245.99,387.67,https://publications.saskatchewan.ca/api/v1/products/122661/formats/146665/download
2020,Black,large_green_lentils,large green lentils,1814.4,lb/ac,0.25,453.6,225.17,377.29,https://publications.saskatchewan.ca/api/v1/products/122661/formats/146665/download
2020,Brown,large_green_lentils,large green lentils,1769.6,lb/ac,0.25,442.4,209.98,333.88,https://publications.saskatchewan.ca/api/v1/products/122661/formats/146665/download
2020,Dark Brown,large_green_lentils,large green lentils,1881.6,lb/ac,0.25,470.4,218.57,360.24,https://publications.saskatchewan.ca/api/v1/products/122661/formats/146665/download
2020,Black,malt_barley,malt barley,74.6,bu/ac,4.7,350.62,255.32,407.43,https://publications.saskatchewan.ca/api/v1/products/122661/formats/146665/download
2020,Brown,malt_barley,malt barley,62.7,bu/ac,4.7,294.69,227.15,351.04,https://publications.saskatchewan.ca/api/v1/products/122661/formats/146665/download
2020,Dark Brown,malt_barley,malt barley,67.0,bu/ac,4.7,314.9,239.15,380.83,https://publications.saskatchewan.ca/api/v1/products/122661/formats/146665/download
2020,Black,oats,oats,139.4,bu/ac,3.02,420.99,207.16,359.27,https://publications.saskatchewan.ca/api/v1/products/122661/formats/146665/download
2020,Brown,oats,oats,79.1,bu/ac,3.02,238.88,145.32,269.21,https://publications.saskatchewan.ca/api/v1/products/122661/formats/146665/download
2020,Dark Brown,oats,oats,103.7,bu/ac,3.02,313.17,169.09,310.77,https://publications.saskatchewan.ca/api/v1/products/122661/formats/146665/download
2020,Black,red_lentils,red lentils,2352.0,lb/ac,0.2,470.4,214.53,366.64,https://publications.saskatchewan.ca/api/v1/products/122661/formats/146665/download
2020,Brown,red_lentils,red lentils,2083.2,lb/ac,0.2,416.64,198.75,322.65,https://publications.saskatchewan.ca/api/v1/products/122661/formats/146665/download
2020,Dark Brown,red_lentils,red lentils,2172.8,lb/ac,0.2,434.56,204.55,346.23,https://publications.saskatchewan.ca/api/v1/products/122661/formats/146665/download
2020,Black,soybeans,soybean,37.1,bu/ac,10.66,395.49,262.22,414.34,https://publications.saskatchewan.ca/api/v1/products/122661/formats/146665/download
2020,Brown,soybeans,soybean,31.6,bu/ac,10.66,336.86,249.71,373.6,https://publications.saskatchewan.ca/api/v1/products/122661/formats/146665/download
2020,Dark Brown,soybeans,soybean,33.4,bu/ac,10.66,356.04,253.63,395.31,https://publications.saskatchewan.ca/api/v1/products/122661/formats/146665/download
2020,Black,spring_wheat,spring wheat,64.7,bu/ac,6.42,415.37,238.93,391.04,https://publications.saskatchewan.ca/api/v1/products/122661/formats/146665/download
2020,Brown,spring_wheat,spring wheat,38.9,bu/ac,6.42,249.74,188.67,312.57,https://publications.saskatchewan.ca/api/v1/products/122661/formats/146665/download
2020,Dark Brown,spring_wheat,spring wheat,57.0,bu/ac,6.42,365.94,218.71,360.39,https://publications.saskatchewan.ca/api/v1/products/122661/formats/146665/download
2020,Black,yellow_peas,edible yellow peas,58.4,bu/ac,6.85,400.04,250.83,402.94,https://publications.saskatchewan.ca/api/v1/products/122661/formats/146665/download
2020,Brown,yellow_peas,edible yellow peas,43.7,bu/ac,6.85,299.35,218.87,342.76,https://publications.saskatchewan.ca/api/v1/products/122661/formats/146665/download
2020,Dark Brown,yellow_peas,edible yellow peas,51.1,bu/ac,6.85,350.04,234.67,376.35,https://publications.saskatchewan.ca/api/v1/products/122661/formats/146665/download
2021,Black,canola,canola,56.0,bu/ac,11.25,630.0,360.23,479.8,https://publications.saskatchewan.ca/api/v1/products/122661/formats/146664/download
2021,Brown,canola,canola,48.06,bu/ac,11.25,540.68,301.54,396.89,https://publications.saskatchewan.ca/api/v1/products/122661/formats/146664/download
2021,Dark Brown,canola,canola,52.0,bu/ac,11.25,585.0,339.96,449.49,https://publications.saskatchewan.ca/api/v1/products/122661/formats/146664/download
2021,Brown,durum,durum wheat,54.0,bu/ac,7.5,405.1,215.13,310.47,https://publications.saskatchewan.ca/api/v1/products/122661/formats/146664/download
2021,Dark Brown,durum,durum wheat,61.7,bu/ac,7.5,462.97,234.75,344.28,https://publications.saskatchewan.ca/api/v1/products/122661/formats/146664/download
2021,Black,feed_barley,feed barley,96.5,bu/ac,4.37,421.96,234.91,354.48,https://publications.saskatchewan.ca/api/v1/products/122661/formats/146664/download
2021,Brown,feed_barley,feed barley,78.1,bu/ac,4.37,341.5,184.74,280.08,https://publications.saskatchewan.ca/api/v1/products/122661/formats/146664/download
2021,Dark Brown,feed_barley,feed barley,85.4,bu/ac,4.37,373.42,197.68,307.21,https://publications.saskatchewan.ca/api/v1/products/122661/formats/146664/download
2021,Black,flax,flax,37.4,bu/ac,13.97,522.48,227.59,347.17,https://publications.saskatchewan.ca/api/v1/products/122661/formats/146664/download
2021,Brown,flax,flax,30.3,bu/ac,13.97,423.29,193.54,288.88,https://publications.saskatchewan.ca/api/v1/products/122661/formats/146664/download
2021,Dark Brown,flax,flax,34.3,bu/ac,13.97,479.17,233.33,342.86,https://publications.saskatchewan.ca/api/v1/products/122661/formats/146664/download
2021,Black,green_peas,edible green peas,61.4,bu/ac,9.0,552.6,239.45,359.02,https://publications.saskatchewan.ca/api/v1/products/122661/formats/146664/download
2021,Brown,green_peas,edible green peas,43.4,bu/ac,9.0,390.6,221.47,316.81,https://publications.saskatchewan.ca/api/v1/products/122661/formats/146664/download
2021,Dark Brown,green_peas,edible green peas,52.9,bu/ac,9.0,476.1,237.85,347.38,https://publications.saskatchewan.ca/api/v1/products/122661/formats/146664/download
2021,Black,large_green_lentils,large green lentils,1918.0,lb/ac,0.27,517.85,233.3,352.87,https://publications.saskatchewan.ca/api/v1/products/122661/formats/146664/download
2021,Brown,large_green_lentils,large green lentils,1676.0,lb/ac,0.27,452.51,218.77,314.11,https://publications.saskatchewan.ca/api/v1/products/122661/formats/146664/download
2021,Dark Brown,large_green_lentils,large green lentils,1852.0,lb/ac,0.27,500.03,225.34,334.87,https://publications.saskatchewan.ca/api/v1/products/122661/formats/146664/download
2021,Black,malt_barley,malt barley,78.3,bu/ac,5.2,407.16,270.35,389.92,https://publications.saskatchewan.ca/api/v1/products/122661/formats/146664/download
2021,Brown,malt_barley,malt barley,63.9,bu/ac,5.2,332.28,240.98,336.32,https://publications.saskatchewan.ca/api/v1/products/122661/formats/146664/download
2021,Dark Brown,malt_barley,malt barley,69.9,bu/ac,5.2,363.48,253.17,362.7,https://publications.saskatchewan.ca/api/v1/products/122661/formats/146664/download
2021,Black,oats,oats,145.9,bu/ac,3.33,485.81,249.56,369.14,https://publications.saskatchewan.ca/api/v1/products/122661/formats/146664/download
2021,Brown,oats,oats,81.1,bu/ac,3.33,270.06,189.58,284.92,https://publications.saskatchewan.ca/api/v1/products/122661/formats/146664/download
2021,Dark Brown,oats,oats,110.2,bu/ac,3.33,366.97,208.34,317.87,https://publications.saskatchewan.ca/api/v1/products/122661/formats/146664/download
2021,Black,red_lentils,red lentils,2491.0,lb/ac,0.25,622.75,218.66,338.23,https://publications.saskatchewan.ca/api/v1/products/122661/formats/146664/download
2021,Brown,red_lentils,red lentils,1940.0,lb/ac,0.25,485.0,204.9,300.24,https://publications.saskatchewan.ca/api/v1/products/122661/formats/146664/download
2021,Dark Brown,red_lentils,red lentils,2205.0,lb/ac,0.25,551.25,211.18,320.71,https://publications.saskatchewan.ca/api/v1/products/122661/formats/146664/download
2021,Black,soybeans,soybean,37.5,bu/ac,10.93,409.88,254.65,374.22,https://publications.saskatchewan.ca/api/v1/products/122661/formats/146664/download
2021,Brown,soybeans,soybean,32.0,bu/ac,10.93,349.76,241.46,336.8,https://publications.saskatchewan.ca/api/v1/products/122661/formats/146664/download
2021,Dark Brown,soybeans,soybean,34.5,bu/ac,10.93,377.09,246.9,356.43,https://publications.saskatchewan.ca/api/v1/products/122661/formats/146664/download
2021,Black,spring_wheat,spring wheat,68.3,bu/ac,6.04,412.8,284.23,403.8,https://publications.saskatchewan.ca/api/v1/products/122661/formats/146664/download
2021,Brown,spring_wheat,spring wheat,52.9,bu/ac,6.04,319.58,247.88,343.22,https://publications.saskatchewan.ca/api/v1/products/122661/formats/146664/download
2021,Dark Brown,spring_wheat,spring wheat,61.4,bu/ac,6.04,370.63,265.22,374.75,https://publications.saskatchewan.ca/api/v1/products/122661/formats/146664/download
2021,Black,yellow_peas,edible yellow peas,61.4,bu/ac,7.5,460.5,231.6,351.18,https://publications.saskatchewan.ca/api/v1/products/122661/formats/146664/download
2021,Brown,yellow_peas,edible yellow peas,43.4,bu/ac,7.5,325.5,215.38,310.72,https://publications.saskatchewan.ca/api/v1/products/122661/formats/146664/download
2021,Dark Brown,yellow_peas,edible yellow peas,52.9,bu/ac,7.5,396.75,231.18,340.71,https://publications.saskatchewan.ca/api/v1/products/122661/formats/146664/download
2022,Black,canola,canola,51.15,bu/ac,17.01,870.06,459.87,576.74,https://publications.saskatchewan.ca/api/v1/products/122661/formats/146663/download
2022,Brown,canola,canola,42.33,bu/ac,17.01,720.03,391.9,484.82,https://publications.saskatchewan.ca/api/v1/products/122661/formats/146663/download
2022,Dark Brown,canola,canola,47.18,bu/ac,17.01,802.53,429.92,537.45,https://publications.saskatchewan.ca/api/v1/products/122661/formats/146663/download
2022,Brown,durum,durum wheat,48.9,bu/ac,12.5,610.88,310.73,403.65,https://publications.saskatchewan.ca/api/v1/products/122661/formats/146663/download
2022,Dark Brown,durum,durum wheat,57.7,bu/ac,12.5,721.13,345.68,453.21,https://publications.saskatchewan.ca/api/v1/products/122661/formats/146663/download
2022,Black,feed_barley,feed barley,90.0,bu/ac,5.5,495.0,342.68,459.55,https://publications.saskatchewan.ca/api/v1/products/122661/formats/146663/download
2022,Brown,feed_barley,feed barley,69.4,bu/ac,5.5,381.7,268.56,361.48,https://publications.saskatchewan.ca/api/v1/products/122661/formats/146663/download
2022,Dark Brown,feed_barley,feed barley,78.5,bu/ac,5.5,431.75,290.92,398.45,https://publications.saskatchewan.ca/api/v1/products/122661/formats/146663/download
2022,Black,flax,flax,33.1,bu/ac,20.5,677.94,291.48,408.35,https://publications.saskatchewan.ca/api/v1/products/122661/formats/146663/download
2022,Brown,flax,flax,26.0,bu/ac,20.5,532.59,256.01,348.94,https://publications.saskatchewan.ca/api/v1/products/122661/formats/146663/download
2022,Dark Brown,flax,flax,29.5,bu/ac,20.5,605.37,287.91,395.43,https://publications.saskatchewan.ca/api/v1/products/122661/formats/146663/download
2022,Black,green_peas,edible green peas,55.1,bu/ac,14.0,771.68,312.56,429.43,https://publications.saskatchewan.ca/api/v1/products/122661/formats/146663/download
2022,Brown,green_peas,edible green peas,39.3,bu/ac,14.0,550.48,264.84,357.76,https://publications.saskatchewan.ca/api/v1/products/122661/formats/146663/download
2022,Dark Brown,green_peas,edible green peas,48.1,bu/ac,14.0,673.82,283.64,391.16,https://publications.saskatchewan.ca/api/v1/products/122661/formats/146663/download
2022,Black,large_green_lentils,large green lentils,1587.3,lb/ac,0.35,555.56,293.3,410.17,https://publications.saskatchewan.ca/api/v1/products/122661/formats/146663/download
2022,Brown,large_green_lentils,large green lentils,1455.1,lb/ac,0.35,509.29,259.85,352.77,https://publications.saskatchewan.ca/api/v1/products/122661/formats/146663/download
2022,Dark Brown,large_green_lentils,large green lentils,1653.5,lb/ac,0.35,578.73,269.29,376.81,https://publications.saskatchewan.ca/api/v1/products/122661/formats/146663/download
2022,Black,malt_barley,malt barley,73.7,bu/ac,6.11,450.49,359.88,476.75,https://publications.saskatchewan.ca/api/v1/products/122661/formats/146663/download
2022,Brown,malt_barley,malt barley,56.8,bu/ac,6.11,347.05,306.19,399.11,https://publications.saskatchewan.ca/api/v1/products/122661/formats/146663/download
2022,Dark Brown,malt_barley,malt barley,64.3,bu/ac,6.11,393.0,327.97,435.49,https://publications.saskatchewan.ca/api/v1/products/122661/formats/146663/download
2022,Black,oats,oats,132.9,bu/ac,6.0,797.58,352.46,469.33,https://publications.saskatchewan.ca/api/v1/products/122661/formats/146663/download
2022,Brown,oats,oats,63.6,bu/ac,6.0,381.3,240.11,333.04,https://publications.saskatchewan.ca/api/v1/products/122661/formats/146663/download
2022,Dark Brown,oats,oats,90.1,bu/ac,6.0,540.78,277.45,384.98,https://publications.saskatchewan.ca/api/v1/products/122661/formats/146663/download
2022,Black,red_lentils,red lentils,2204.6,lb/ac,0.35,771.61,269.85,386.72,https://publications.saskatchewan.ca/api/v1/products/122661/formats/146663/download
2022,Brown,red_lentils,red lentils,1675.5,lb/ac,0.35,586.43,229.04,321.96,https://publications.saskatchewan.ca/api/v1/products/122661/formats/146663/download
2022,Dark Brown,red_lentils,red lentils,1896.0,lb/ac,0.35,663.6,236.44,343.97,https://publications.saskatchewan.ca/api/v1/products/122661/formats/146663/download
2022,Black,soybeans,soybean,32.0,bu/ac,13.38,427.76,291.13,408.0,https://publications.saskatchewan.ca/api/v1/products/122661/formats/146663/download
2022,Brown,soybeans,soybean,22.8,bu/ac,13.38,304.8,271.84,364.76,https://publications.saskatchewan.ca/api/v1/products/122661/formats/146663/download
2022,Dark Brown,soybeans,soybean,28.3,bu/ac,13.38,378.52,282.0,389.53,https://publications.saskatchewan.ca/api/v1/products/122661/formats/146663/download
2022,Black,spring_wheat,hard red spring wheat,64.3,bu/ac,10.56,679.01,396.15,513.02,https://publications.saskatchewan.ca/api/v1/products/122661/formats/146663/download
2022,Brown,spring_wheat,hard red spring wheat,48.1,bu/ac,10.56,508.25,324.64,417.57,https://publications.saskatchewan.ca/api/v1/products/122661/formats/146663/download
2022,Dark Brown,spring_wheat,hard red spring wheat,57.3,bu/ac,10.56,605.3,362.43,469.96,https://publications.saskatchewan.ca/api/v1/products/122661/formats/146663/download
2022,Black,yellow_peas,edible yellow peas,55.1,bu/ac,12.0,661.44,315.31,432.18,https://publications.saskatchewan.ca/api/v1/products/122661/formats/146663/download
2022,Brown,yellow_peas,edible yellow peas,39.3,bu/ac,12.0,471.84,266.72,359.64,https://publications.saskatchewan.ca/api/v1/products/122661/formats/146663/download
2022,Dark Brown,yellow_peas,edible yellow peas,48.1,bu/ac,12.0,577.56,286.19,393.71,https://publications.saskatchewan.ca/api/v1/products/122661/formats/146663/download
2023,Black,canola,canola,48.06,bu/ac,17.61,846.34,468.22,701.5,https://publications.saskatchewan.ca/api/v1/products/122661/formats/146662/download
2023,Brown,canola,canola,36.16,bu/ac,17.61,636.78,382.56,581.36,https://publications.saskatchewan.ca/api/v1/products/122661/formats/146662/download
2023,Dark Brown,canola,canola,42.77,bu/ac,17.61,753.18,428.41,657.78,https://publications.saskatchewan.ca/api/v1/products/122661/formats/146662/download
2023,Brown,durum,durum wheat,41.5,bu/ac,12.03,499.49,285.71,484.51,https://publications.saskatchewan.ca/api/v1/products/122661/formats/146662/download
2023,Dark Brown,durum,durum wheat,53.7,bu/ac,12.03,645.41,330.1,559.48,https://publications.saskatchewan.ca/api/v1/products/122661/formats/146662/download
2023,Black,feed_barley,feed barley,85.4,bu/ac,6.16,526.25,356.67,589.95,https://publications.saskatchewan.ca/api/v1/products/122661/formats/146662/download
2023,Brown,feed_barley,feed barley,60.2,bu/ac,6.16,370.65,288.6,487.41,https://publications.saskatchewan.ca/api/v1/products/122661/formats/146662/download
2023,Dark Brown,feed_barley,feed barley,70.3,bu/ac,6.16,432.86,316.02,545.4,https://publications.saskatchewan.ca/api/v1/products/122661/formats/146662/download
2023,Black,flax,flax,30.7,bu/ac,18.5,568.14,285.32,518.6,https://publications.saskatchewan.ca/api/v1/products/122661/formats/146662/download
2023,Brown,flax,flax,22.4,bu/ac,18.5,415.14,240.33,439.13,https://publications.saskatchewan.ca/api/v1/products/122661/formats/146662/download
2023,Dark Brown,flax,flax,26.4,bu/ac,18.5,488.03,276.69,506.06,https://publications.saskatchewan.ca/api/v1/products/122661/formats/146662/download
2023,Black,green_peas,edible green peas,51.4,bu/ac,13.0,668.72,323.4,556.68,https://publications.saskatchewan.ca/api/v1/products/122661/formats/146662/download
2023,Brown,green_peas,edible green peas,34.2,bu/ac,13.0,444.21,270.23,469.03,https://publications.saskatchewan.ca/api/v1/products/122661/formats/146662/download
2023,Dark Brown,green_peas,edible green peas,43.4,bu/ac,13.0,563.68,290.31,519.68,https://publications.saskatchewan.ca/api/v1/products/122661/formats/146662/download
2023,Black,large_green_lentils,large green lentils,1565.3,lb/ac,0.49,767.0,302.74,536.02,https://publications.saskatchewan.ca/api/v1/products/122661/formats/146662/download
2023,Brown,large_green_lentils,large green lentils,1344.8,lb/ac,0.49,658.95,263.64,462.45,https://publications.saskatchewan.ca/api/v1/products/122661/formats/146662/download
2023,Dark Brown,large_green_lentils,large green lentils,1631.4,lb/ac,0.49,799.39,276.63,506.0,https://publications.saskatchewan.ca/api/v1/products/122661/formats/146662/download
2023,Black,malt_barley,malt barley,69.4,bu/ac,6.76,468.94,366.49,599.77,https://publications.saskatchewan.ca/api/v1/products/122661/formats/146662/download
2023,Brown,malt_barley,malt barley,49.2,bu/ac,6.76,332.73,302.43,501.24,https://publications.saskatchewan.ca/api/v1/products/122661/formats/146662/download
2023,Dark Brown,malt_barley,malt barley,57.6,bu/ac,6.76,389.04,327.73,557.1,https://publications.saskatchewan.ca/api/v1/products/122661/formats/146662/download
2023,Black,oats,oats,123.2,bu/ac,5.19,639.41,347.19,580.47,https://publications.saskatchewan.ca/api/v1/products/122661/formats/146662/download
2023,Brown,oats,oats,53.8,bu/ac,5.19,279.33,218.61,417.42,https://publications.saskatchewan.ca/api/v1/products/122661/formats/146662/download
2023,Dark Brown,oats,oats,79.8,bu/ac,5.19,413.95,263.26,492.63,https://publications.saskatchewan.ca/api/v1/products/122661/formats/146662/download
2023,Black,red_lentils,red lentils,2138.5,lb/ac,0.33,705.71,275.11,508.39,https://publications.saskatchewan.ca/api/v1/products/122661/formats/146662/download
2023,Brown,red_lentils,red lentils,1565.3,lb/ac,0.33,516.55,230.2,429.01,https://publications.saskatchewan.ca/api/v1/products/122661/formats/146662/download
2023,Dark Brown,red_lentils,red lentils,1851.9,lb/ac,0.33,611.13,242.29,471.66,https://publications.saskatchewan.ca/api/v1/products/122661/formats/146662/download
2023,Black,soybeans,soybean,30.1,bu/ac,17.2,518.24,344.27,577.55,https://publications.saskatchewan.ca/api/v1/products/122661/formats/146662/download
2023,Brown,soybeans,soybean,18.0,bu/ac,17.2,309.6,317.47,516.28,https://publications.saskatchewan.ca/api/v1/products/122661/formats/146662/download
2023,Dark Brown,soybeans,soybean,24.6,bu/ac,17.2,423.46,329.94,559.31,https://publications.saskatchewan.ca/api/v1/products/122661/formats/146662/download
2023,Black,spring_wheat,hard red spring wheat,62.5,bu/ac,10.15,633.97,402.08,635.36,https://publications.saskatchewan.ca/api/v1/products/122661/formats/146662/download
2023,Brown,spring_wheat,hard red spring wheat,44.1,bu/ac,10.15,447.51,323.41,522.21,https://publications.saskatchewan.ca/api/v1/products/122661/formats/146662/download
2023,Dark Brown,spring_wheat,hard red spring wheat,53.3,bu/ac,10.15,540.79,360.8,590.17,https://publications.saskatchewan.ca/api/v1/products/122661/formats/146662/download
2023,Black,yellow_peas,edible yellow peas,51.4,bu/ac,12.0,617.28,324.2,557.49,https://publications.saskatchewan.ca/api/v1/products/122661/formats/146662/download
2023,Brown,yellow_peas,edible yellow peas,34.2,bu/ac,12.0,410.04,270.63,469.44,https://publications.saskatchewan.ca/api/v1/products/122661/formats/146662/download
2023,Dark Brown,yellow_peas,edible yellow peas,43.4,bu/ac,12.0,520.32,291.11,520.49,https://publications.saskatchewan.ca/api/v1/products/122661/formats/146662/download
2024,Black,canola,canola,48.5,bu/ac,16.06,778.91,443.81,610.22,https://publications.saskatchewan.ca/api/v1/products/122661/formats/146661/download
2024,Brown,canola,canola,35.7,bu/ac,16.06,573.5,357.7,493.11,https://publications.saskatchewan.ca/api/v1/products/122661/formats/146661/download
2024,Dark Brown,canola,canola,42.8,bu/ac,16.06,686.89,406.88,563.69,https://publications.saskatchewan.ca/api/v1/products/122661/formats/146661/download
2024,Brown,durum,durum wheat,39.7,bu/ac,11.77,467.03,265.04,400.45,https://publications.saskatchewan.ca/api/v1/products/122661/formats/146661/download
2024,Dark Brown,durum,durum wheat,56.2,bu/ac,11.77,661.71,310.25,467.05,https://publications.saskatchewan.ca/api/v1/products/122661/formats/146661/download
2024,Black,feed_barley,feed barley,86.4,bu/ac,5.3,457.66,318.7,485.12,https://publications.saskatchewan.ca/api/v1/products/122661/formats/146661/download
2024,Brown,feed_barley,feed barley,57.4,bu/ac,5.3,304.27,241.75,377.17,https://publications.saskatchewan.ca/api/v1/products/122661/formats/146661/download
2024,Dark Brown,feed_barley,feed barley,70.7,bu/ac,5.3,374.87,267.03,423.84,https://publications.saskatchewan.ca/api/v1/products/122661/formats/146661/download
2024,Black,flax,flax,31.9,bu/ac,15.0,478.35,262.45,428.86,https://publications.saskatchewan.ca/api/v1/products/122661/formats/146661/download
2024,Brown,flax,flax,22.4,bu/ac,15.0,336.6,214.46,349.87,https://publications.saskatchewan.ca/api/v1/products/122661/formats/146661/download
2024,Dark Brown,flax,flax,27.6,bu/ac,15.0,413.4,258.25,415.06,https://publications.saskatchewan.ca/api/v1/products/122661/formats/146661/download
2024,Black,green_peas,edible green peas,51.1,bu/ac,17.0,868.19,351.23,517.65,https://publications.saskatchewan.ca/api/v1/products/122661/formats/146661/download
2024,Brown,green_peas,edible green peas,33.4,bu/ac,17.0,568.48,300.23,435.64,https://publications.saskatchewan.ca/api/v1/products/122661/formats/146661/download
2024,Dark Brown,green_peas,edible green peas,43.4,bu/ac,17.0,737.12,319.53,476.33,https://publications.saskatchewan.ca/api/v1/products/122661/formats/146661/download
2024,Black,large_green_lentils,large green lentils,1477.1,lb/ac,0.5,738.55,320.28,486.7,https://publications.saskatchewan.ca/api/v1/products/122661/formats/146661/download
2024,Brown,large_green_lentils,large green lentils,1300.7,lb/ac,0.5,650.35,282.19,417.6,https://publications.saskatchewan.ca/api/v1/products/122661/formats/146661/download
2024,Dark Brown,large_green_lentils,large green lentils,1697.6,lb/ac,0.5,848.8,294.98,451.79,https://publications.saskatchewan.ca/api/v1/products/122661/formats/146661/download
2024,Black,malt_barley,malt barley,70.1,bu/ac,6.45,452.21,334.4,500.81,https://publications.saskatchewan.ca/api/v1/products/122661/formats/146661/download
2024,Brown,malt_barley,malt barley,47.0,bu/ac,6.45,302.89,280.8,416.21,https://publications.saskatchewan.ca/api/v1/products/122661/formats/146661/download
2024,Dark Brown,malt_barley,malt barley,57.9,bu/ac,6.45,373.65,303.94,460.74,https://publications.saskatchewan.ca/api/v1/products/122661/formats/146661/download
2024,Black,oats,oats,125.2,bu/ac,5.25,657.04,293.15,459.56,https://publications.saskatchewan.ca/api/v1/products/122661/formats/146661/download
2024,Brown,oats,oats,53.8,bu/ac,5.25,282.56,184.18,319.59,https://publications.saskatchewan.ca/api/v1/products/122661/formats/146661/download
2024,Dark Brown,oats,oats,82.3,bu/ac,5.25,432.29,224.59,381.4,https://publications.saskatchewan.ca/api/v1/products/122661/formats/146661/download
2024,Black,red_lentils,red lentils,2138.5,lb/ac,0.3,641.55,272.54,438.95,https://publications.saskatchewan.ca/api/v1/products/122661/formats/146661/download
2024,Brown,red_lentils,red lentils,1477.1,lb/ac,0.3,443.13,230.46,365.87,https://publications.saskatchewan.ca/api/v1/products/122661/formats/146661/download
2024,Dark Brown,red_lentils,red lentils,1807.8,lb/ac,0.3,542.34,240.84,397.65,https://publications.saskatchewan.ca/api/v1/products/122661/formats/146661/download
2024,Black,soybeans,soybean,32.0,bu/ac,14.51,463.88,341.43,507.84,https://publications.saskatchewan.ca/api/v1/products/122661/formats/146661/download
2024,Brown,soybeans,soybean,17.6,bu/ac,14.51,255.96,316.87,452.28,https://publications.saskatchewan.ca/api/v1/products/122661/formats/146661/download
2024,Dark Brown,soybeans,soybean,28.3,bu/ac,14.51,410.49,332.9,489.71,https://publications.saskatchewan.ca/api/v1/products/122661/formats/146661/download
2024,Black,spring_wheat,hard red spring wheat,63.6,bu/ac,8.44,536.53,360.09,526.5,https://publications.saskatchewan.ca/api/v1/products/122661/formats/146661/download
2024,Brown,spring_wheat,hard red spring wheat,42.6,bu/ac,8.44,359.71,294.17,429.58,https://publications.saskatchewan.ca/api/v1/products/122661/formats/146661/download
2024,Dark Brown,spring_wheat,hard red spring wheat,52.5,bu/ac,8.44,443.44,326.04,482.85,https://publications.saskatchewan.ca/api/v1/products/122661/formats/146661/download
2024,Black,yellow_peas,edible yellow peas,51.1,bu/ac,11.0,561.77,339.31,505.73,https://publications.saskatchewan.ca/api/v1/products/122661/formats/146661/download
2024,Brown,yellow_peas,edible yellow peas,33.4,bu/ac,11.0,367.84,290.73,426.15,https://publications.saskatchewan.ca/api/v1/products/122661/formats/146661/download
2024,Dark Brown,yellow_peas,edible yellow peas,43.4,bu/ac,11.0,476.96,309.05,465.86,https://publications.saskatchewan.ca/api/v1/products/122661/formats/146661/download
2025,Black,canola,canola,51.1,bu/ac,13.0,664.78,447.49,631.49,https://publications.saskatchewan.ca/api/v1/products/122661/formats/142532/download
2025,Brown,canola,canola,37.0,bu/ac,13.0,481.02,353.92,503.43,https://publications.saskatchewan.ca/api/v1/products/122661/formats/142532/download
2025,Dark Brown,canola,canola,44.9,bu/ac,13.0,583.24,410.25,582.91,https://publications.saskatchewan.ca/api/v1/products/122661/formats/142532/download
2025,Brown,durum,durum wheat,41.6,bu/ac,9.2,382.52,277.87,427.38,https://publications.saskatchewan.ca/api/v1/products/122661/formats/142532/download
2025,Dark Brown,durum,durum wheat,57.0,bu/ac,9.2,524.64,315.24,487.9,https://publications.saskatchewan.ca/api/v1/products/122661/formats/142532/download
2025,Black,feed_barley,feed barley,90.0,bu/ac,4.81,432.83,335.79,519.8,https://publications.saskatchewan.ca/api/v1/products/122661/formats/142532/download
2025,Brown,feed_barley,feed barley,57.2,bu/ac,4.81,275.06,255.02,404.53,https://publications.saskatchewan.ca/api/v1/products/122661/formats/142532/download
2025,Dark Brown,feed_barley,feed barley,74.5,bu/ac,4.81,358.08,288.39,461.05,https://publications.saskatchewan.ca/api/v1/products/122661/formats/142532/download
2025,Black,flax,flax,33.0,bu/ac,15.66,516.63,263.82,447.83,https://publications.saskatchewan.ca/api/v1/products/122661/formats/142532/download
2025,Brown,flax,flax,22.7,bu/ac,15.66,355.56,209.0,358.51,https://publications.saskatchewan.ca/api/v1/products/122661/formats/142532/download
2025,Dark Brown,flax,flax,28.0,bu/ac,15.66,438.65,255.56,428.22,https://publications.saskatchewan.ca/api/v1/products/122661/formats/142532/download
2025,Black,green_peas,edible green peas,53.0,bu/ac,15.5,821.46,351.04,535.04,https://publications.saskatchewan.ca/api/v1/products/122661/formats/142532/download
2025,Brown,green_peas,edible green peas,34.9,bu/ac,15.5,540.24,304.49,453.99,https://publications.saskatchewan.ca/api/v1/products/122661/formats/142532/download
2025,Dark Brown,green_peas,edible green peas,45.0,bu/ac,15.5,697.47,327.98,500.64,https://publications.saskatchewan.ca/api/v1/products/122661/formats/142532/download
2025,Black,large_green_lentils,large green lentils,1620.4,lb/ac,0.47,761.59,347.34,531.35,https://publications.saskatchewan.ca/api/v1/products/122661/formats/142532/download
2025,Brown,large_green_lentils,large green lentils,1329.4,lb/ac,0.47,624.82,296.75,446.26,https://publications.saskatchewan.ca/api/v1/products/122661/formats/142532/download
2025,Dark Brown,large_green_lentils,large green lentils,1679.9,lb/ac,0.47,789.55,306.05,478.71,https://publications.saskatchewan.ca/api/v1/products/122661/formats/142532/download
2025,Black,malt_barley,malt barley,73.1,bu/ac,5.9,431.04,373.62,557.63,https://publications.saskatchewan.ca/api/v1/products/122661/formats/142532/download
2025,Brown,malt_barley,malt barley,46.8,bu/ac,5.9,275.95,312.26,461.77,https://publications.saskatchewan.ca/api/v1/products/122661/formats/142532/download
2025,Dark Brown,malt_barley,malt barley,61.0,bu/ac,5.9,359.67,341.17,513.83,https://publications.saskatchewan.ca/api/v1/products/122661/formats/142532/download
2025,Black,oats,oats,129.9,bu/ac,4.1,532.73,287.63,471.64,https://publications.saskatchewan.ca/api/v1/products/122661/formats/142532/download
2025,Brown,oats,oats,50.0,bu/ac,4.1,204.96,180.65,330.16,https://publications.saskatchewan.ca/api/v1/products/122661/formats/142532/download
2025,Dark Brown,oats,oats,82.5,bu/ac,4.1,338.21,219.84,392.5,https://publications.saskatchewan.ca/api/v1/products/122661/formats/142532/download
2025,Black,red_lentils,red lentils,2262.7,lb/ac,0.3,678.81,304.59,488.6,https://publications.saskatchewan.ca/api/v1/products/122661/formats/142532/download
2025,Brown,red_lentils,red lentils,1499.9,lb/ac,0.3,449.97,249.75,399.26,https://publications.saskatchewan.ca/api/v1/products/122661/formats/142532/download
2025,Dark Brown,red_lentils,red lentils,1836.8,lb/ac,0.3,551.04,260.02,432.68,https://publications.saskatchewan.ca/api/v1/products/122661/formats/142532/download
2025,Black,soybeans,soybean,30.0,bu/ac,13.24,396.98,345.41,529.42,https://publications.saskatchewan.ca/api/v1/products/122661/formats/142532/download
2025,Brown,soybeans,soybean,21.2,bu/ac,13.24,280.19,322.19,471.7,https://publications.saskatchewan.ca/api/v1/products/122661/formats/142532/download
2025,Dark Brown,soybeans,soybean,25.0,bu/ac,13.24,330.85,333.65,506.31,https://publications.saskatchewan.ca/api/v1/products/122661/formats/142532/download
2025,Black,spring_wheat,hard red spring wheat,65.6,bu/ac,6.87,450.66,376.47,560.48,https://publications.saskatchewan.ca/api/v1/products/122661/formats/142532/download
2025,Brown,spring_wheat,hard red spring wheat,43.9,bu/ac,6.87,301.4,309.38,458.89,https://publications.saskatchewan.ca/api/v1/products/122661/formats/142532/download
2025,Dark Brown,spring_wheat,hard red spring wheat,54.9,bu/ac,6.87,377.03,344.66,517.32,https://publications.saskatchewan.ca/api/v1/products/122661/formats/142532/download
2025,Black,yellow_peas,edible yellow peas,53.0,bu/ac,10.0,529.98,335.32,519.33,https://publications.saskatchewan.ca/api/v1/products/122661/formats/142532/download
2025,Brown,yellow_peas,edible yellow peas,34.9,bu/ac,10.0,348.54,292.05,441.56,https://publications.saskatchewan.ca/api/v1/products/122661/formats/142532/download
2025,Dark Brown,yellow_peas,edible yellow peas,45.0,bu/ac,10.0,449.98,314.15,486.81,https://publications.saskatchewan.ca/api/v1/products/122661/formats/142532/download
2026,Black,canola,canola,50.0,bu/ac,13.2,660.0,428.53,624.02,https://publications.saskatchewan.ca/api/v1/products/122661/formats/153138/download
2026,Brown,canola,canola,35.3,bu/ac,13.2,465.44,341.65,500.57,https://publications.saskatchewan.ca/api/v1/products/122661/formats/153138/download
2026,Dark Brown,canola,canola,43.0,bu/ac,13.2,567.46,390.09,573.5,https://publications.saskatchewan.ca/api/v1/products/122661/formats/153138/download
2026,Brown,durum,durum wheat,40.9,bu/ac,7.84,320.45,242.55,401.47,https://publications.saskatchewan.ca/api/v1/products/122661/formats/153138/download
2026,Dark Brown,durum,durum wheat,57.6,bu/ac,7.84,451.26,286.99,470.4,https://publications.saskatchewan.ca/api/v1/products/122661/formats/153138/download
2026,Black,feed_barley,feed barley,90.5,bu/ac,5.03,454.74,318.0,513.49,https://publications.saskatchewan.ca/api/v1/products/122661/formats/153138/download
2026,Brown,feed_barley,feed barley,57.0,bu/ac,5.03,286.46,236.37,395.28,https://publications.saskatchewan.ca/api/v1/products/122661/formats/153138/download
2026,Dark Brown,feed_barley,feed barley,75.3,bu/ac,5.03,378.61,270.14,453.55,https://publications.saskatchewan.ca/api/v1/products/122661/formats/153138/download
2026,Black,flax,flax,33.0,bu/ac,16.5,544.34,262.5,457.99,https://publications.saskatchewan.ca/api/v1/products/122661/formats/153138/download
2026,Brown,flax,flax,22.3,bu/ac,16.5,367.47,207.26,366.17,https://publications.saskatchewan.ca/api/v1/products/122661/formats/153138/download
2026,Dark Brown,flax,flax,27.9,bu/ac,16.5,460.52,252.33,435.75,https://publications.saskatchewan.ca/api/v1/products/122661/formats/153138/download
2026,Black,green_peas,edible green peas,52.5,bu/ac,10.2,535.57,334.47,529.96,https://publications.saskatchewan.ca/api/v1/products/122661/formats/153138/download
2026,Brown,green_peas,edible green peas,34.0,bu/ac,10.2,346.68,291.89,450.81,https://publications.saskatchewan.ca/api/v1/products/122661/formats/153138/download
2026,Dark Brown,green_peas,edible green peas,44.8,bu/ac,10.2,456.66,311.76,495.17,https://publications.saskatchewan.ca/api/v1/products/122661/formats/153138/download
2026,Black,large_green_lentils,large green lentils,1786.6,lb/ac,0.28,500.25,310.95,506.44,https://publications.saskatchewan.ca/api/v1/products/122661/formats/153138/download
2026,Brown,large_green_lentils,large green lentils,1318.4,lb/ac,0.28,369.15,258.05,416.97,https://publications.saskatchewan.ca/api/v1/products/122661/formats/153138/download
2026,Dark Brown,large_green_lentils,large green lentils,1657.4,lb/ac,0.28,464.07,269.78,453.2,https://publications.saskatchewan.ca/api/v1/products/122661/formats/153138/download
2026,Black,malt_barley,malt barley,73.5,bu/ac,5.79,425.24,352.34,547.83,https://publications.saskatchewan.ca/api/v1/products/122661/formats/153138/download
2026,Brown,malt_barley,malt barley,46.6,bu/ac,5.79,269.86,292.77,451.69,https://publications.saskatchewan.ca/api/v1/products/122661/formats/153138/download
2026,Dark Brown,malt_barley,malt barley,61.7,bu/ac,5.79,357.1,321.98,505.4,https://publications.saskatchewan.ca/api/v1/products/122661/formats/153138/download
2026,Black,oats,oats,130.3,bu/ac,3.79,494.13,298.63,494.12,https://publications.saskatchewan.ca/api/v1/products/122661/formats/153138/download
2026,Brown,oats,oats,48.0,bu/ac,3.79,181.92,182.37,341.29,https://publications.saskatchewan.ca/api/v1/products/122661/formats/153138/download
2026,Dark Brown,oats,oats,84.9,bu/ac,3.79,322.04,230.12,413.54,https://publications.saskatchewan.ca/api/v1/products/122661/formats/153138/download
2026,Black,red_lentils,red lentils,2247.0,lb/ac,0.22,494.34,295.66,491.15,https://publications.saskatchewan.ca/api/v1/products/122661/formats/153138/download
2026,Brown,red_lentils,red lentils,1482.4,lb/ac,0.22,326.13,239.76,398.68,https://publications.saskatchewan.ca/api/v1/products/122661/formats/153138/download
2026,Dark Brown,red_lentils,red lentils,1801.3,lb/ac,0.22,396.29,250.46,433.87,https://publications.saskatchewan.ca/api/v1/products/122661/formats/153138/download
2026,Black,soybeans,soybean,33.3,bu/ac,13.93,463.94,337.33,532.82,https://publications.saskatchewan.ca/api/v1/products/122661/formats/153138/download
2026,Brown,soybeans,soybean,24.7,bu/ac,13.93,344.7,316.54,475.46,https://publications.saskatchewan.ca/api/v1/products/122661/formats/153138/download
2026,Dark Brown,soybeans,soybean,30.0,bu/ac,13.93,417.66,325.82,509.24,https://publications.saskatchewan.ca/api/v1/products/122661/formats/153138/download
2026,Black,spring_wheat,hard red spring wheat,66.8,bu/ac,7.0,467.86,349.03,544.52,https://publications.saskatchewan.ca/api/v1/products/122661/formats/153138/download
2026,Brown,spring_wheat,hard red spring wheat,44.0,bu/ac,7.0,307.9,278.53,437.45,https://publications.saskatchewan.ca/api/v1/products/122661/formats/153138/download
2026,Dark Brown,spring_wheat,hard red spring wheat,54.9,bu/ac,7.0,384.27,313.63,497.05,https://publications.saskatchewan.ca/api/v1/products/122661/formats/153138/download
2026,Black,yellow_peas,edible yellow peas,52.5,bu/ac,7.8,409.56,320.4,515.89,https://publications.saskatchewan.ca/api/v1/products/122661/formats/153138/download
2026,Brown,yellow_peas,edible yellow peas,34.0,bu/ac,7.8,265.11,280.79,439.71,https://publications.saskatchewan.ca/api/v1/products/122661/formats/153138/download
2026,Dark Brown,yellow_peas,edible yellow peas,44.8,bu/ac,7.8,349.21,299.36,482.77,https://publications.saskatchewan.ca/api/v1/products/122661/formats/153138/download
