province,subclass,wheat,oats,barley,other_small,corn,peas,soymeal,canolameal,screenings,total_grain,non_grain,complete
Newfoundland and Labrador,Beef Cattle,0.0,0.133,0.127,0.0,0.007,0.0,0.012,0.0,0.0,0.278,0.011,0.289
Newfoundland and Labrador,Bulls on Beef farms,0.0,0.103,0.102,0.0,0.006,0.0,0.006,0.0,0.004,0.221,0.007,0.228
Newfoundland and Labrador,Beef Cows,0.0,0.015,0.015,0.0,0.0,0.0,0.0,0.0,0.0,0.03,0.0,0.03
Newfoundland and Labrador,Beef Rep Heifers > 1 year,0.0,0.064,0.058,0.0,0.006,0.0,0.006,0.0,0.0,0.134,0.006,0.14
Newfoundland and Labrador,Beef Rep Heifers < 1 year,0.0,0.109,0.098,0.0,0.01,0.0,0.012,0.0,0.0,0.229,0.012,0.241
Newfoundland and Labrador,Bull Calves < 1 year,0.0,0.225,0.203,0.0,0.026,0.0,0.032,0.0,0.0,0.486,0.028,0.514
Newfoundland and Labrador,Slaughter Calves,0.0,0.225,0.203,0.0,0.026,0.0,0.032,0.0,0.0,0.486,0.028,0.514
Newfoundland and Labrador,Steers & Heifers Slaughter,0.0,0.18,0.18,0.0,0.0,0.0,0.01,0.0,0.0,0.37,0.01,0.38
Newfoundland and Labrador,Dairy Cattle,0.159,0.096,0.104,0.0,0.478,0.0,0.101,0.103,0.807,1.849,0.14,1.988
Newfoundland and Labrador,Bulls on Dairy Farms farms,0.009,0.007,0.009,0.0,0.004,0.0,0.004,0.004,0.044,0.081,0.006,0.087
Newfoundland and Labrador,Dairy Cows,0.228,0.142,0.142,0.0,0.712,0.0,0.142,0.142,1.139,2.647,0.199,2.846
Newfoundland and Labrador,Dairy Heifers > 1 year,0.009,0.007,0.009,0.0,0.004,0.0,0.004,0.004,0.044,0.081,0.006,0.087
Newfoundland and Labrador,Other Dairy calves < 1 year,0.04,0.0,0.057,0.0,0.046,0.0,0.046,0.057,0.286,0.532,0.04,0.572
Newfoundland and Labrador,Sheep and Lambs,0.0,0.003,0.032,0.0,0.004,0.0,0.005,0.0,0.0,0.044,0.0,0.044
Newfoundland and Labrador,Rams & Ewes,0.0,0.005,0.038,0.0,0.004,0.0,0.004,0.0,0.0,0.05,0.001,0.051
Newfoundland and Labrador,Breeding Lambs,0.0,0.002,0.031,0.0,0.004,0.0,0.007,0.0,0.0,0.044,0.0,0.044
Newfoundland and Labrador,Slaughter Lambs,0.0,0.002,0.027,0.0,0.004,0.0,0.006,0.0,0.0,0.038,0.0,0.038
Newfoundland and Labrador,Hogs,0.032,0.003,0.038,0.001,0.081,0.009,0.023,0.003,0.029,0.219,0.011,0.23
Newfoundland and Labrador,Boars,0.23,0.0,0.24,0.09,0.18,0.0,0.06,0.0,0.09,0.89,0.02,0.91
Newfoundland and Labrador,Sows & Bred Gilts,0.114,0.0,0.2,0.0,0.268,0.0,0.066,0.052,0.168,0.868,0.07,0.938
Newfoundland and Labrador,Weaner Pigs,0.003,0.0,0.001,0.0,0.007,0.0,0.004,0.0,0.0,0.015,0.003,0.018
Newfoundland and Labrador,Feeder Pigs,0.022,0.003,0.024,0.0,0.062,0.01,0.016,0.0,0.019,0.156,0.004,0.16
Newfoundland and Labrador,Layers,,,,,,,,,,,,
Newfoundland and Labrador,Chickens,0.0004,0.0,0.0,0.0,0.0019,0.0,0.0005,0.0001,0.0001,0.003,0.0006,0.0036
Newfoundland and Labrador,Turkeys,,,,,,,,,,,,
Newfoundland and Labrador,Other Poultry,0.0004,0.0,0.0,0.0,0.0018,0.0,0.0008,0.0,0.0002,0.0032,0.0008,0.004
Newfoundland and Labrador,Horses,0.0,0.182,0.033,0.0,0.033,0.0,0.05,0.0,0.0,0.297,0.033,0.33
Newfoundland and Labrador,Aquaculture ('000 fish),0.655,0.0,0.0,0.0,0.0,0.0,0.293,0.0,0.0,0.948,2.189,3.136
Prince Edward Island,Beef Cattle,0.0,0.16,0.159,0.0,0.005,0.0,0.013,0.0,0.001,0.339,0.013,0.351
Prince Edward Island,Bulls on Beef farms,0.0,0.145,0.152,0.0,0.01,0.0,0.01,0.0,0.014,0.331,0.013,0.344
Prince Edward Island,Beef Cows,0.0,0.018,0.018,0.0,0.0,0.0,0.0,0.0,0.0,0.036,0.0,0.036
Prince Edward Island,Beef Rep Heifers > 1 year,0.0,0.148,0.141,0.0,0.007,0.0,0.007,0.0,0.0,0.303,0.007,0.31
Prince Edward Island,Beef Rep Heifers < 1 year,0.0,0.131,0.119,0.0,0.013,0.0,0.015,0.0,0.0,0.278,0.015,0.293
Prince Edward Island,Bull Calves < 1 year,0.0,0.282,0.279,0.0,0.035,0.0,0.042,0.0,0.029,0.667,0.038,0.705
Prince Edward Island,Slaughter Calves,0.002,0.236,0.235,0.0,0.153,0.0,0.05,0.006,0.023,0.705,0.04,0.745
Prince Edward Island,Steers & Heifers Slaughter,0.0,0.259,0.259,0.0,0.0,0.0,0.02,0.0,0.0,0.538,0.02,0.558
Prince Edward Island,Dairy Cattle,0.133,0.078,0.091,0.0,0.392,0.0,0.088,0.09,0.685,1.557,0.117,1.673
Prince Edward Island,Bulls on Dairy Farms farms,0.009,0.007,0.009,0.0,0.004,0.0,0.004,0.004,0.044,0.081,0.006,0.087
Prince Edward Island,Dairy Cows,0.228,0.142,0.142,0.0,0.712,0.0,0.142,0.142,1.139,2.647,0.199,2.846
Prince Edward Island,Dairy Heifers > 1 year,0.009,0.007,0.009,0.0,0.004,0.0,0.004,0.004,0.044,0.081,0.006,0.087
Prince Edward Island,Other Dairy calves < 1 year,0.04,0.0,0.057,0.0,0.046,0.0,0.046,0.057,0.286,0.532,0.04,0.572
Prince Edward Island,Sheep and Lambs,0.0,0.003,0.038,0.0,0.005,0.0,0.007,0.0,0.0,0.052,0.001,0.053
Prince Edward Island,Rams & Ewes,0.0,0.003,0.046,0.0,0.006,0.0,0.008,0.0,0.0,0.063,0.001,0.063
Prince Edward Island,Breeding Lambs,0.0,0.003,0.039,0.0,0.006,0.0,0.009,0.0,0.0,0.057,0.001,0.057
Prince Edward Island,Slaughter Lambs,0.0,0.002,0.026,0.0,0.004,0.0,0.005,0.0,0.0,0.036,0.0,0.037
Prince Edward Island,Hogs,0.04,0.004,0.047,0.0,0.108,0.0,0.03,0.017,0.036,0.283,0.013,0.296
Prince Edward Island,Boars,0.261,0.0,0.271,0.104,0.209,0.0,0.073,0.0,0.104,1.023,0.021,1.044
Prince Edward Island,Sows & Bred Gilts,0.125,0.0,0.236,0.0,0.291,0.0,0.073,0.058,0.19,0.973,0.079,1.052
Prince Edward Island,Weaner Pigs,0.005,0.0,0.002,0.0,0.01,0.0,0.006,0.0,0.0,0.023,0.004,0.027
Prince Edward Island,Feeder Pigs,0.031,0.004,0.035,0.0,0.09,0.0,0.022,0.015,0.029,0.227,0.006,0.232
Prince Edward Island,Layers,,,,,,,,,,,,
Prince Edward Island,Chickens,0.0004,0.0,0.0,0.0,0.0021,0.0,0.0006,0.0001,0.0001,0.0033,0.0007,0.004
Prince Edward Island,Turkeys,,,,,,,,,,,,
Prince Edward Island,Other Poultry,0.0004,0.0,0.0,0.0,0.0018,0.0,0.0008,0.0,0.0002,0.0032,0.0008,0.004
Prince Edward Island,Horses,0.0,0.363,0.066,0.0,0.066,0.0,0.099,0.0,0.0,0.594,0.066,0.66
Prince Edward Island,Aquaculture ('000 fish),0.681,0.0,0.0,0.0,0.0,0.0,0.272,0.0,0.0,0.953,2.655,3.608
Nova Scotia,Beef Cattle,0.0,0.123,0.12,0.0,0.011,0.0,0.011,0.0,0.0,0.266,0.01,0.276
Nova Scotia,Bulls on Beef farms,0.0,0.132,0.124,0.0,0.008,0.0,0.008,0.0,0.0,0.272,0.008,0.28
Nova Scotia,Beef Cows,0.0,0.017,0.017,0.0,0.0,0.0,0.0,0.0,0.0,0.034,0.0,0.034
Nova Scotia,Beef Rep Heifers > 1 year,0.0,0.14,0.133,0.0,0.007,0.0,0.007,0.0,0.0,0.287,0.007,0.294
Nova Scotia,Beef Rep Heifers < 1 year,0.0,0.131,0.119,0.0,0.013,0.0,0.015,0.0,0.0,0.278,0.015,0.293
Nova Scotia,Bull Calves < 1 year,0.0,0.259,0.234,0.0,0.03,0.0,0.036,0.0,0.0,0.559,0.032,0.591
Nova Scotia,Slaughter Calves,0.002,0.218,0.199,0.0,0.149,0.0,0.046,0.006,0.0,0.62,0.035,0.655
Nova Scotia,Steers & Heifers Slaughter,0.0,0.225,0.225,0.0,0.0,0.0,0.017,0.0,0.0,0.467,0.017,0.484
Nova Scotia,Dairy Cattle,0.138,0.081,0.094,0.0,0.409,0.0,0.09,0.092,0.708,1.612,0.121,1.733
Nova Scotia,Bulls on Dairy Farms farms,0.009,0.007,0.009,0.0,0.004,0.0,0.004,0.004,0.044,0.081,0.006,0.087
Nova Scotia,Dairy Cows,0.228,0.142,0.142,0.0,0.712,0.0,0.142,0.142,1.139,2.647,0.199,2.846
Nova Scotia,Dairy Heifers > 1 year,0.009,0.007,0.009,0.0,0.004,0.0,0.004,0.004,0.044,0.081,0.006,0.087
Nova Scotia,Other Dairy calves < 1 year,0.04,0.0,0.057,0.0,0.046,0.0,0.046,0.057,0.286,0.532,0.04,0.572
Nova Scotia,Sheep and Lambs,0.0,0.003,0.036,0.0,0.005,0.0,0.006,0.0,0.0,0.05,0.001,0.051
Nova Scotia,Rams & Ewes,0.0,0.003,0.047,0.0,0.006,0.0,0.007,0.0,0.0,0.062,0.001,0.064
Nova Scotia,Breeding Lambs,0.0,0.003,0.039,0.0,0.006,0.0,0.009,0.0,0.0,0.057,0.001,0.057
Nova Scotia,Slaughter Lambs,0.0,0.002,0.025,0.0,0.004,0.0,0.005,0.0,0.0,0.036,0.0,0.036
Nova Scotia,Hogs,0.038,0.005,0.046,0.0,0.104,0.0,0.028,0.017,0.035,0.274,0.011,0.285
Nova Scotia,Boars,0.26,0.0,0.272,0.104,0.208,0.0,0.074,0.0,0.104,1.022,0.02,1.042
Nova Scotia,Sows & Bred Gilts,0.125,0.0,0.236,0.0,0.291,0.0,0.073,0.058,0.19,0.973,0.079,1.052
Nova Scotia,Weaner Pigs,0.003,0.0,0.001,0.0,0.007,0.0,0.004,0.0,0.0,0.015,0.003,0.019
Nova Scotia,Feeder Pigs,0.031,0.005,0.036,0.0,0.09,0.0,0.023,0.015,0.028,0.228,0.005,0.233
Nova Scotia,Layers,,,,,,,,,,,,
Nova Scotia,Chickens,0.0004,0.0,0.0,0.0,0.002,0.0,0.0006,0.0001,0.0001,0.0032,0.0006,0.0038
Nova Scotia,Turkeys,,,,,,,,,,,,
Nova Scotia,Other Poultry,0.0004,0.0,0.0,0.0,0.0018,0.0,0.0008,0.0,0.0002,0.0032,0.0008,0.004
Nova Scotia,Horses,0.0,0.182,0.033,0.0,0.033,0.0,0.05,0.0,0.0,0.297,0.033,0.33
Nova Scotia,Aquaculture ('000 fish),0.655,0.0,0.0,0.0,0.0,0.0,0.294,0.0,0.0,0.948,2.197,3.145
New Brunswick,Beef Cattle,0.0,0.139,0.138,0.0,0.01,0.0,0.012,0.0,0.001,0.301,0.011,0.312
New Brunswick,Bulls on Beef farms,0.0,0.147,0.147,0.0,0.009,0.0,0.009,0.0,0.009,0.321,0.009,0.33
New Brunswick,Beef Cows,0.0,0.017,0.017,0.0,0.0,0.0,0.0,0.0,0.0,0.034,0.0,0.034
New Brunswick,Beef Rep Heifers > 1 year,0.0,0.14,0.133,0.0,0.007,0.0,0.007,0.0,0.0,0.287,0.007,0.294
New Brunswick,Beef Rep Heifers < 1 year,0.0,0.131,0.119,0.0,0.013,0.0,0.015,0.0,0.0,0.278,0.015,0.293
New Brunswick,Bull Calves < 1 year,0.0,0.267,0.264,0.0,0.033,0.0,0.04,0.0,0.027,0.631,0.036,0.667
New Brunswick,Slaughter Calves,0.002,0.224,0.223,0.0,0.152,0.0,0.049,0.006,0.021,0.677,0.038,0.715
New Brunswick,Steers & Heifers Slaughter,0.0,0.259,0.259,0.0,0.0,0.0,0.02,0.0,0.0,0.538,0.02,0.558
New Brunswick,Dairy Cattle,0.138,0.081,0.173,0.0,0.329,0.0,0.09,0.093,0.707,1.611,0.121,1.732
New Brunswick,Bulls on Dairy Farms farms,0.009,0.007,0.009,0.0,0.004,0.0,0.004,0.004,0.044,0.081,0.006,0.087
New Brunswick,Dairy Cows,0.228,0.142,0.285,0.0,0.57,0.0,0.142,0.142,1.139,2.648,0.199,2.847
New Brunswick,Dairy Heifers > 1 year,0.009,0.007,0.009,0.0,0.004,0.0,0.004,0.004,0.044,0.081,0.006,0.087
New Brunswick,Other Dairy calves < 1 year,0.04,0.0,0.057,0.0,0.046,0.0,0.046,0.057,0.286,0.532,0.04,0.572
New Brunswick,Sheep and Lambs,0.0,0.003,0.038,0.0,0.005,0.0,0.007,0.0,0.0,0.053,0.001,0.054
New Brunswick,Rams & Ewes,0.0,0.003,0.046,0.0,0.006,0.0,0.008,0.0,0.0,0.063,0.001,0.063
New Brunswick,Breeding Lambs,0.0,0.003,0.039,0.0,0.006,0.0,0.009,0.0,0.0,0.057,0.001,0.057
New Brunswick,Slaughter Lambs,0.0,0.002,0.026,0.0,0.004,0.0,0.006,0.0,0.0,0.037,0.0,0.037
New Brunswick,Hogs,0.03,0.005,0.07,0.0,0.093,0.0,0.029,0.017,0.036,0.28,0.011,0.292
New Brunswick,Boars,0.208,0.0,0.375,0.105,0.157,0.0,0.073,0.0,0.105,1.023,0.022,1.045
New Brunswick,Sows & Bred Gilts,0.104,0.0,0.292,0.0,0.255,0.0,0.073,0.058,0.19,0.972,0.079,1.051
New Brunswick,Weaner Pigs,0.002,0.0,0.003,0.0,0.006,0.0,0.004,0.0,0.0,0.015,0.003,0.019
New Brunswick,Feeder Pigs,0.024,0.005,0.055,0.0,0.079,0.0,0.023,0.015,0.028,0.229,0.005,0.234
New Brunswick,Layers,,,,,,,,,,,,
New Brunswick,Chickens,0.0004,0.0,0.0,0.0,0.0022,0.0,0.0006,0.0001,0.0001,0.0034,0.0007,0.0041
New Brunswick,Turkeys,,,,,,,,,,,,
New Brunswick,Other Poultry,0.0004,0.0,0.0,0.0,0.0018,0.0,0.0008,0.0,0.0002,0.0032,0.0008,0.004
New Brunswick,Horses,0.0,0.182,0.033,0.0,0.033,0.0,0.05,0.0,0.0,0.297,0.033,0.33
New Brunswick,Aquaculture ('000 fish),0.705,0.0,0.0,0.0,0.0,0.0,0.284,0.0,0.0,0.989,3.66,4.649
Quebec,Beef Cattle,0.007,0.023,0.028,0.005,0.35,0.0,0.027,0.014,0.104,0.559,0.024,0.583
Quebec,Bulls on Beef farms,0.0,0.029,0.014,0.0,0.095,0.0,0.004,0.0,0.0,0.142,0.001,0.143
Quebec,Beef Cows,0.0,0.003,0.001,0.0,0.01,0.0,0.0,0.0,0.0,0.014,0.013,0.027
Quebec,Beef Rep Heifers > 1 year,0.0,0.048,0.028,0.0,0.171,0.0,0.004,0.0,0.0,0.251,0.003,0.254
Quebec,Beef Rep Heifers < 1 year,0.0,0.065,0.038,0.0,0.23,0.0,0.007,0.0,0.0,0.34,0.003,0.343
Quebec,Bull Calves < 1 year,0.0,0.136,0.068,0.0,0.45,0.0,0.02,0.0,0.0,0.674,0.007,0.681
Quebec,Slaughter Calves,0.006,0.027,0.02,0.0,0.585,0.0,0.06,0.025,0.0,0.723,0.032,0.755
Quebec,Steers & Heifers Slaughter,0.032,0.032,0.097,0.032,0.676,0.0,0.032,0.032,0.627,1.56,0.048,1.608
Quebec,Dairy Cattle,0.022,0.023,0.297,0.06,1.016,0.0,0.052,0.019,0.116,1.605,0.154,1.759
Quebec,Bulls on Dairy Farms farms,0.017,0.017,0.173,0.041,0.462,0.0,0.099,0.0,0.0,0.809,0.017,0.826
Quebec,Dairy Cows,0.022,0.032,0.433,0.086,1.566,0.0,0.035,0.035,0.213,2.422,0.269,2.691
Quebec,Dairy Heifers > 1 year,0.017,0.017,0.173,0.041,0.462,0.0,0.099,0.0,0.0,0.809,0.017,0.826
Quebec,Other Dairy calves < 1 year,0.026,0.008,0.096,0.019,0.265,0.0,0.044,0.0,0.0,0.458,0.019,0.477
Quebec,Sheep and Lambs,0.002,0.008,0.019,0.001,0.013,0.001,0.004,0.001,0.002,0.049,0.002,0.051
Quebec,Rams & Ewes,0.003,0.006,0.013,0.001,0.007,0.001,0.002,0.001,0.003,0.038,0.0,0.038
Quebec,Breeding Lambs,0.001,0.021,0.042,0.0,0.015,0.0,0.004,0.001,0.004,0.087,0.005,0.091
Quebec,Slaughter Lambs,0.001,0.007,0.021,0.0,0.02,0.0,0.006,0.001,0.0,0.054,0.002,0.057
Quebec,Hogs,0.028,0.002,0.019,0.0,0.2,0.0,0.048,0.012,0.0,0.311,0.017,0.328
Quebec,Boars,0.199,0.199,0.199,0.0,0.258,0.0,0.05,0.05,0.0,0.954,0.04,0.993
Quebec,Sows & Bred Gilts,0.159,0.045,0.283,0.0,0.431,0.0,0.125,0.045,0.0,1.088,0.045,1.134
Quebec,Weaner Pigs,0.0,0.0,0.0,0.0,0.013,0.0,0.005,0.0,0.0,0.018,0.005,0.023
Quebec,Feeder Pigs,0.021,0.0,0.005,0.0,0.177,0.0,0.04,0.011,0.0,0.254,0.011,0.265
Quebec,Layers,,,,,,,,,,,,
Quebec,Chickens,0.0004,0.0,0.0,0.0,0.002,0.0,0.0006,0.0001,0.0001,0.0032,0.0006,0.0038
Quebec,Turkeys,,,,,,,,,,,,
Quebec,Other Poultry,0.0004,0.0,0.0,0.0,0.0018,0.0,0.0008,0.0,0.0002,0.0032,0.0008,0.004
Quebec,Horses,0.0,0.376,0.268,0.161,0.161,0.0,0.064,0.0,0.0,1.03,0.043,1.073
Quebec,Aquaculture ('000 fish),0.649,0.0,0.0,0.0,0.0,0.0,0.295,0.0,0.0,0.944,2.005,2.949
Ontario,Beef Cattle,0.04,0.021,0.094,0.003,0.426,0.005,0.109,0.003,0.054,0.755,0.036,0.791
Ontario,Bulls on Beef farms,0.006,0.01,0.03,0.001,0.034,0.005,0.007,0.002,0.003,0.098,0.001,0.099
Ontario,Beef Cows,0.007,0.007,0.021,0.004,0.014,0.004,0.005,0.001,0.007,0.07,0.001,0.071
Ontario,Beef Rep Heifers > 1 year,0.016,0.016,0.049,0.008,0.032,0.008,0.011,0.003,0.016,0.159,0.002,0.161
Ontario,Beef Rep Heifers < 1 year,0.018,0.018,0.055,0.009,0.039,0.009,0.013,0.004,0.017,0.182,0.002,0.184
Ontario,Bull Calves < 1 year,0.04,0.078,0.234,0.001,0.312,0.039,0.055,0.016,0.0,0.775,0.008,0.783
Ontario,Slaughter Calves,0.024,0.04,0.122,0.001,0.468,0.02,0.063,0.023,0.0,0.761,0.023,0.784
Ontario,Steers & Heifers Slaughter,0.082,0.029,0.163,0.0,0.914,0.0,0.249,0.0,0.126,1.563,0.082,1.645
Ontario,Dairy Cattle,0.091,0.032,0.132,0.012,1.276,0.0,0.386,0.0,0.04,1.968,0.02,1.988
Ontario,Bulls on Dairy Farms farms,0.002,0.002,0.022,0.005,0.059,0.0,0.011,0.0,0.005,0.106,0.001,0.107
Ontario,Dairy Cows,0.171,0.0,0.206,0.0,2.263,0.0,0.686,0.0,0.069,3.395,0.034,3.429
Ontario,Dairy Heifers > 1 year,0.002,0.002,0.022,0.005,0.059,0.0,0.011,0.0,0.005,0.106,0.001,0.107
Ontario,Other Dairy calves < 1 year,0.015,0.13,0.087,0.043,0.433,0.0,0.134,0.0,0.015,0.857,0.009,0.866
Ontario,Sheep and Lambs,0.002,0.003,0.009,0.001,0.007,0.001,0.002,0.001,0.002,0.028,0.0,0.028
Ontario,Rams & Ewes,0.004,0.004,0.011,0.002,0.008,0.002,0.003,0.001,0.004,0.038,0.0,0.038
Ontario,Breeding Lambs,0.001,0.003,0.007,0.001,0.006,0.001,0.002,0.0,0.001,0.022,0.0,0.022
Ontario,Slaughter Lambs,0.001,0.003,0.007,0.001,0.006,0.001,0.002,0.0,0.001,0.022,0.0,0.022
Ontario,Hogs,0.0,0.0,0.0,0.0,0.246,0.0,0.056,0.0,0.0,0.301,0.01,0.311
Ontario,Boars,0.0,0.0,0.0,0.0,0.611,0.0,0.104,0.0,0.0,0.715,0.03,0.745
Ontario,Sows & Bred Gilts,0.0,0.0,0.0,0.0,0.868,0.0,0.192,0.0,0.0,1.059,0.042,1.101
Ontario,Weaner Pigs,0.0,0.0,0.0,0.0,0.007,0.0,0.003,0.0,0.0,0.01,0.001,0.011
Ontario,Feeder Pigs,0.0,0.0,0.0,0.0,0.236,0.0,0.052,0.0,0.0,0.288,0.008,0.296
Ontario,Layers,,,,,,,,,,,,
Ontario,Chickens,0.0004,0.0,0.0,0.0,0.0022,0.0,0.0006,0.0001,0.0001,0.0034,0.0007,0.0041
Ontario,Turkeys,,,,,,,,,,,,
Ontario,Other Poultry,0.0004,0.0,0.0,0.0,0.0018,0.0,0.0008,0.0,0.0002,0.0032,0.0008,0.004
Ontario,Horses,0.0,0.112,0.02,0.0,0.02,0.0,0.031,0.0,0.0,0.183,0.02,0.203
Ontario,Aquaculture ('000 fish),0.648,0.0,0.0,0.0,0.0,0.0,0.295,0.0,0.0,0.944,2.004,2.948
Manitoba,Beef Cattle,0.005,0.298,0.161,0.0,0.019,0.0,0.0,0.002,0.063,0.547,0.011,0.559
Manitoba,Bulls on Beef farms,0.0,0.338,0.149,0.0,0.028,0.0,0.0,0.0,0.028,0.543,0.011,0.554
Manitoba,Beef Cows,0.008,0.076,0.069,0.0,0.0,0.0,0.0,0.0,0.022,0.175,0.004,0.179
Manitoba,Beef Rep Heifers > 1 year,0.0,0.385,0.147,0.0,0.0,0.0,0.0,0.0,0.047,0.579,0.012,0.591
Manitoba,Beef Rep Heifers < 1 year,0.0,0.301,0.076,0.0,0.0,0.0,0.0,0.002,0.031,0.41,0.008,0.418
Manitoba,Bull Calves < 1 year,0.0,0.846,0.23,0.0,0.054,0.0,0.0,0.003,0.054,1.187,0.026,1.213
Manitoba,Slaughter Calves,0.0,0.809,0.219,0.0,0.083,0.0,0.003,0.004,0.052,1.17,0.026,1.196
Manitoba,Steers & Heifers Slaughter,0.0,0.865,0.471,0.0,0.083,0.0,0.0,0.008,0.21,1.637,0.033,1.67
Manitoba,Dairy Cattle,0.0,0.0,1.704,0.0,0.198,0.0,0.001,0.108,0.098,2.109,0.07,2.179
Manitoba,Bulls on Dairy Farms farms,0.0,0.0,0.38,0.0,0.0,0.0,0.0,0.0,0.0,0.38,0.033,0.413
Manitoba,Dairy Cows,0.0,0.0,2.684,0.0,0.349,0.0,0.0,0.174,0.174,3.381,0.105,3.486
Manitoba,Dairy Heifers > 1 year,0.0,0.0,0.38,0.0,0.0,0.0,0.0,0.0,0.0,0.38,0.033,0.413
Manitoba,Other Dairy calves < 1 year,0.0,0.0,0.49,0.0,0.004,0.0,0.004,0.044,0.0,0.542,0.018,0.56
Manitoba,Sheep and Lambs,0.0,0.005,0.039,0.002,0.0,0.0,0.0,0.0,0.0,0.046,0.001,0.046
Manitoba,Rams & Ewes,0.0,0.0,0.073,0.0,0.0,0.0,0.0,0.0,0.0,0.073,0.001,0.074
Manitoba,Breeding Lambs,0.0,0.02,0.046,0.0,0.0,0.0,0.0,0.0,0.0,0.066,0.001,0.067
Manitoba,Slaughter Lambs,0.0,0.006,0.017,0.003,0.0,0.0,0.0,0.0,0.0,0.026,0.0,0.026
Manitoba,Hogs,0.0,0.001,0.153,0.0,0.059,0.0,0.026,0.022,0.0,0.26,0.021,0.282
Manitoba,Boars,0.0,0.0,0.751,0.0,0.0,0.0,0.0,0.128,0.0,0.879,0.048,0.927
Manitoba,Sows & Bred Gilts,0.0,0.0,0.746,0.0,0.056,0.0,0.034,0.124,0.0,0.96,0.059,1.019
Manitoba,Weaner Pigs,0.0,0.001,0.005,0.0,0.033,0.0,0.013,0.0,0.0,0.052,0.007,0.059
Manitoba,Feeder Pigs,0.0,0.0,0.163,0.0,0.035,0.0,0.018,0.023,0.0,0.239,0.017,0.256
Manitoba,Layers,,,,,,,,,,,,
Manitoba,Chickens,0.0013,0.0,0.0009,0.0,0.0,0.0,0.0004,0.0002,0.0,0.0028,0.0009,0.0037
Manitoba,Turkeys,,,,,,,,,,,,
Manitoba,Other Poultry,0.0024,0.0,0.0,0.0,0.0,0.0,0.0004,0.0004,0.0,0.0032,0.0008,0.004
Manitoba,Horses,0.005,0.223,0.005,0.003,0.0,0.0,0.005,0.0,0.0,0.24,0.007,0.248
Manitoba,Aquaculture ('000 fish),0.568,0.0,0.0,0.0,0.0,0.0,0.568,0.0,0.0,1.136,1.705,2.841
Saskatchewan,Beef Cattle,0.001,0.264,0.133,0.001,0.018,0.002,0.0,0.016,0.047,0.482,0.007,0.489
Saskatchewan,Bulls on Beef farms,0.0,0.48,0.069,0.014,0.0,0.014,0.0,0.069,0.041,0.687,0.0,0.687
Saskatchewan,Beef Cows,0.0,0.062,0.044,0.0,0.0,0.0,0.0,0.012,0.0,0.118,0.0,0.118
Saskatchewan,Beef Rep Heifers > 1 year,0.008,0.159,0.032,0.0,0.0,0.008,0.0,0.032,0.0,0.239,0.0,0.239
Saskatchewan,Beef Rep Heifers < 1 year,0.008,0.103,0.016,0.0,0.0,0.008,0.0,0.024,0.0,0.159,0.0,0.159
Saskatchewan,Bull Calves < 1 year,0.0,0.524,0.075,0.014,0.0,0.017,0.0,0.078,0.041,0.749,0.0,0.749
Saskatchewan,Slaughter Calves,0.0,0.5,0.072,0.013,0.031,0.016,0.003,0.076,0.039,0.75,0.002,0.752
Saskatchewan,Steers & Heifers Slaughter,0.0,0.865,0.471,0.0,0.083,0.0,0.0,0.008,0.21,1.637,0.033,1.67
Saskatchewan,Dairy Cattle,0.036,0.039,1.492,0.005,0.203,0.0,0.026,0.195,0.034,2.031,0.093,2.124
Saskatchewan,Bulls on Dairy Farms farms,0.022,0.089,0.124,0.022,0.04,0.0,0.022,0.022,0.053,0.394,0.049,0.443
Saskatchewan,Dairy Cows,0.0,0.0,2.684,0.0,0.349,0.0,0.0,0.349,0.0,3.382,0.105,3.487
Saskatchewan,Dairy Heifers > 1 year,0.022,0.089,0.124,0.022,0.04,0.0,0.022,0.022,0.053,0.394,0.049,0.443
Saskatchewan,Other Dairy calves < 1 year,0.136,0.076,0.189,0.0,0.038,0.0,0.091,0.023,0.091,0.644,0.113,0.757
Saskatchewan,Sheep and Lambs,0.0,0.023,0.053,0.001,0.0,0.0,0.0,0.0,0.0,0.077,0.001,0.078
Saskatchewan,Rams & Ewes,0.0,0.028,0.064,0.0,0.0,0.0,0.0,0.0,0.0,0.091,0.001,0.092
Saskatchewan,Breeding Lambs,0.0,0.04,0.092,0.0,0.0,0.0,0.0,0.0,0.0,0.132,0.001,0.133
Saskatchewan,Slaughter Lambs,0.0,0.008,0.022,0.003,0.0,0.0,0.0,0.0,0.0,0.033,0.0,0.034
Saskatchewan,Hogs,0.058,0.0,0.191,0.0,0.001,0.003,0.021,0.026,0.001,0.301,0.014,0.316
Saskatchewan,Boars,0.0,0.0,0.898,0.0,0.0,0.0,0.046,0.046,0.0,0.991,0.036,1.027
Saskatchewan,Sows & Bred Gilts,0.17,0.0,0.731,0.0,0.0,0.0,0.063,0.063,0.0,1.027,0.041,1.067
Saskatchewan,Weaner Pigs,0.009,0.0,0.01,0.0,0.001,0.004,0.002,0.001,0.001,0.028,0.002,0.03
Saskatchewan,Feeder Pigs,0.047,0.0,0.163,0.0,0.0,0.0,0.018,0.025,0.0,0.253,0.012,0.264
Saskatchewan,Layers,,,,,,,,,,,,
Saskatchewan,Chickens,0.0013,0.0,0.0009,0.0,0.0,0.0,0.0004,0.0002,0.0,0.0028,0.0009,0.0037
Saskatchewan,Turkeys,,,,,,,,,,,,
Saskatchewan,Other Poultry,0.0024,0.0,0.0,0.0,0.0,0.0,0.0004,0.0004,0.0,0.0032,0.0008,0.004
Saskatchewan,Horses,0.0,0.163,0.0,0.0,0.0,0.0,0.0,0.0,0.0,0.163,0.002,0.165
Saskatchewan,Aquaculture ('000 fish),0.648,0.0,0.0,0.0,0.0,0.0,0.295,0.0,0.0,0.943,2.006,2.949
Alberta,Beef Cattle,0.021,0.162,0.615,0.019,0.008,0.018,0.017,0.02,0.03,0.91,0.019,0.929
Alberta,Bulls on Beef farms,0.028,0.166,0.392,0.014,0.002,0.016,0.014,0.021,0.03,0.683,0.016,0.699
Alberta,Beef Cows,0.011,0.036,0.155,0.005,0.0,0.005,0.003,0.007,0.025,0.247,0.005,0.252
Alberta,Beef Rep Heifers > 1 year,0.0,0.07,0.184,0.01,0.0,0.006,0.003,0.006,0.032,0.311,0.006,0.317
Alberta,Beef Rep Heifers < 1 year,0.0,0.051,0.051,0.004,0.0,0.003,0.001,0.003,0.013,0.126,0.003,0.129
Alberta,Bull Calves < 1 year,0.014,0.322,0.301,0.015,0.007,0.008,0.015,0.022,0.022,0.726,0.022,0.748
Alberta,Slaughter Calves,0.013,0.308,0.287,0.014,0.038,0.008,0.018,0.023,0.021,0.73,0.023,0.753
Alberta,Steers & Heifers Slaughter,0.04,0.342,1.366,0.04,0.02,0.04,0.04,0.04,0.04,1.968,0.04,2.008
Alberta,Dairy Cattle,0.077,0.031,1.347,0.141,0.072,0.018,0.094,0.13,0.003,1.914,0.146,2.059
Alberta,Bulls on Dairy Farms farms,0.0,0.019,0.249,0.012,0.0,0.0,0.04,0.04,0.0,0.36,0.027,0.387
Alberta,Dairy Cows,0.132,0.0,2.215,0.231,0.132,0.033,0.132,0.198,0.0,3.073,0.231,3.304
Alberta,Dairy Heifers > 1 year,0.0,0.019,0.249,0.012,0.0,0.0,0.04,0.04,0.0,0.36,0.027,0.387
Alberta,Other Dairy calves < 1 year,0.023,0.118,0.368,0.053,0.0,0.0,0.059,0.059,0.015,0.695,0.06,0.755
Alberta,Sheep and Lambs,0.0,0.002,0.039,0.001,0.0,0.0,0.001,0.001,0.0,0.044,0.001,0.045
Alberta,Rams & Ewes,0.0,0.0,0.046,0.0,0.0,0.0,0.002,0.002,0.0,0.05,0.001,0.051
Alberta,Breeding Lambs,0.0,0.0,0.111,0.0,0.0,0.0,0.003,0.0,0.0,0.114,0.001,0.114
Alberta,Slaughter Lambs,0.0,0.005,0.011,0.002,0.0,0.0,0.0,0.0,0.0,0.018,0.0,0.018
Alberta,Hogs,0.108,0.001,0.128,0.0,0.0,0.045,0.016,0.016,0.019,0.333,0.015,0.348
Alberta,Boars,0.11,0.0,0.493,0.0,0.0,0.092,0.038,0.039,0.055,0.828,0.05,0.878
Alberta,Sows & Bred Gilts,0.249,0.0,0.464,0.0,0.0,0.12,0.05,0.049,0.067,0.998,0.061,1.059
Alberta,Weaner Pigs,0.004,0.0,0.005,0.0,0.0,0.002,0.001,0.001,0.001,0.013,0.001,0.014
Alberta,Feeder Pigs,0.101,0.001,0.11,0.0,0.0,0.041,0.014,0.014,0.016,0.297,0.012,0.309
Alberta,Layers,,,,,,,,,,,,
Alberta,Chickens,0.0013,0.0,0.001,0.0,0.0,0.0,0.0004,0.0002,0.0,0.0029,0.001,0.0039
Alberta,Turkeys,,,,,,,,,,,,
Alberta,Other Poultry,0.0024,0.0,0.0,0.0,0.0,0.0,0.0004,0.0004,0.0,0.0032,0.0008,0.004
Alberta,Horses,0.0,0.248,0.139,0.0,0.025,0.005,0.04,0.01,0.005,0.471,0.025,0.495
British Columbia,Beef Cattle,0.0,0.02,0.378,0.0,0.001,0.0,0.001,0.005,0.01,0.415,0.005,0.42
British Columbia,Bulls on Beef farms,0.0,0.007,0.309,0.0,0.0,0.0,0.005,0.005,0.007,0.333,0.007,0.34
British Columbia,Beef Cows,0.0,0.001,0.03,0.0,0.0,0.0,0.0,0.0,0.0,0.031,0.0,0.031
British Columbia,Beef Rep Heifers > 1 year,0.0,0.142,0.009,0.0,0.0,0.0,0.002,0.004,0.018,0.175,0.004,0.179
British Columbia,Beef Rep Heifers < 1 year,0.0,0.061,0.004,0.0,0.0,0.0,0.001,0.002,0.008,0.076,0.002,0.078
British Columbia,Bull Calves < 1 year,0.0,0.014,0.629,0.0,0.0,0.0,0.014,0.014,0.021,0.692,0.021,0.713
British Columbia,Slaughter Calves,0.001,0.013,0.566,0.0,0.062,0.0,0.02,0.016,0.019,0.697,0.023,0.72
British Columbia,Steers & Heifers Slaughter,0.0,0.0,1.304,0.0,0.0,0.0,0.0,0.014,0.027,1.345,0.014,1.359
British Columbia,Dairy Cattle,0.0,0.0,1.158,0.0,0.0,0.0,0.0,0.344,0.334,1.836,0.083,1.919
British Columbia,Bulls on Dairy Farms farms,0.0,0.0,0.089,0.0,0.0,0.0,0.0,0.015,0.0,0.104,0.004,0.108
British Columbia,Dairy Cows,0.0,0.0,2.0,0.0,0.0,0.0,0.0,0.6,0.6,3.2,0.133,3.333
British Columbia,Dairy Heifers > 1 year,0.0,0.0,0.089,0.0,0.0,0.0,0.0,0.015,0.0,0.104,0.004,0.108
British Columbia,Other Dairy calves < 1 year,0.0,0.0,0.52,0.0,0.0,0.0,0.0,0.156,0.13,0.806,0.061,0.867
British Columbia,Sheep and Lambs,0.0,0.001,0.036,0.0,0.0,0.0,0.0,0.001,0.0,0.038,0.001,0.039
British Columbia,Rams & Ewes,0.0,0.0,0.042,0.0,0.0,0.0,0.0,0.0,0.0,0.042,0.0,0.043
British Columbia,Breeding Lambs,0.0,0.0,0.12,0.0,0.0,0.0,0.003,0.0,0.0,0.124,0.001,0.124
British Columbia,Slaughter Lambs,0.0,0.002,0.021,0.0,0.0,0.0,0.0,0.002,0.0,0.024,0.001,0.026
British Columbia,Hogs,0.108,0.001,0.129,0.0,0.001,0.045,0.016,0.016,0.019,0.334,0.016,0.35
British Columbia,Boars,0.1,0.0,0.448,0.0,0.0,0.085,0.035,0.036,0.05,0.754,0.045,0.799
British Columbia,Sows & Bred Gilts,0.234,0.0,0.436,0.0,0.0,0.113,0.047,0.046,0.063,0.939,0.058,0.996
British Columbia,Weaner Pigs,0.005,0.0,0.005,0.0,0.001,0.002,0.001,0.001,0.001,0.015,0.001,0.016
British Columbia,Feeder Pigs,0.1,0.001,0.109,0.0,0.0,0.04,0.014,0.014,0.016,0.294,0.012,0.306
British Columbia,Layers,,,,,,,,,,,,
British Columbia,Chickens,0.0012,0.0,0.0009,0.0,0.0,0.0,0.0004,0.0002,0.0,0.0027,0.0009,0.0036
British Columbia,Turkeys,,,,,,,,,,,,
British Columbia,Other Poultry,0.0024,0.0,0.0,0.0,0.0,0.0,0.0004,0.0004,0.0,0.0032,0.0008,0.004
British Columbia,Horses,0.0,0.109,0.051,0.0,0.004,0.0,0.0,0.0,0.0,0.163,0.018,0.182
British Columbia,Aquaculture ('000 fish),0.531,0.0,0.0,0.0,0.0,0.0,0.212,0.0,0.0,0.743,2.793,3.536
Canada,Beef Cattle,0.015,0.16,0.352,0.009,0.083,0.009,0.023,0.014,0.043,0.709,0.017,0.726
Canada,Bulls on Beef farms,0.013,0.226,0.228,0.009,0.012,0.011,0.007,0.026,0.026,0.558,0.009,0.567
Canada,Beef Cows,0.006,0.04,0.088,0.002,0.002,0.002,0.002,0.006,0.014,0.163,0.003,0.167
Canada,Beef Rep Heifers > 1 year,0.003,0.124,0.109,0.005,0.012,0.005,0.003,0.011,0.021,0.293,0.005,0.298
Canada,Beef Rep Heifers < 1 year,0.004,0.089,0.043,0.003,0.015,0.004,0.002,0.008,0.011,0.178,0.003,0.181
Canada,Bull Calves < 1 year,0.01,0.373,0.245,0.01,0.06,0.011,0.014,0.031,0.027,0.78,0.015,0.795
Canada,Slaughter Calves,0.012,0.081,0.087,0.001,0.473,0.007,0.055,0.025,0.004,0.745,0.028,0.772
Canada,Steers & Heifers Slaughter,0.035,0.368,0.93,0.023,0.192,0.022,0.062,0.025,0.106,1.762,0.044,1.806
Canada,Dairy Cattle,0.055,0.028,0.454,0.038,0.877,0.001,0.169,0.055,0.125,1.804,0.094,1.899
Canada,Bulls on Dairy Farms farms,0.007,0.013,0.128,0.018,0.176,0.0,0.043,0.007,0.006,0.398,0.014,0.412
Canada,Dairy Cows,0.091,0.021,0.737,0.051,1.454,0.003,0.266,0.093,0.219,2.935,0.162,3.096
Canada,Dairy Heifers > 1 year,0.008,0.011,0.114,0.019,0.194,0.0,0.044,0.005,0.006,0.401,0.012,0.413
Canada,Other Dairy calves < 1 year,0.023,0.062,0.157,0.027,0.262,0.0,0.075,0.021,0.034,0.66,0.025,0.685
Canada,Sheep and Lambs,0.001,0.005,0.026,0.001,0.005,0.001,0.002,0.001,0.001,0.042,0.001,0.043
Canada,Rams & Ewes,0.002,0.005,0.032,0.001,0.004,0.001,0.002,0.001,0.002,0.049,0.001,0.049
Canada,Breeding Lambs,0.0,0.011,0.059,0.0,0.005,0.0,0.003,0.0,0.001,0.079,0.001,0.081
Canada,Slaughter Lambs,0.0,0.004,0.014,0.001,0.006,0.0,0.002,0.001,0.0,0.029,0.001,0.03
Canada,Hogs,0.03,0.001,0.071,0.0,0.136,0.007,0.038,0.013,0.004,0.3,0.015,0.315
Canada,Boars,0.07,0.038,0.382,0.004,0.225,0.02,0.054,0.045,0.016,0.852,0.039,0.892
Canada,Sows & Bred Gilts,0.101,0.013,0.355,0.0,0.373,0.018,0.108,0.05,0.015,1.034,0.05,1.084
Canada,Weaner Pigs,0.001,0.0,0.003,0.0,0.013,0.001,0.005,0.0,0.0,0.023,0.003,0.026
Canada,Feeder Pigs,0.027,0.0,0.06,0.0,0.124,0.007,0.033,0.012,0.003,0.266,0.011,0.277
Canada,Layers,0.0108,0.0,0.0,0.0,0.0102,0.0,0.0034,0.002,0.0017,0.0281,0.0065,0.0346
Canada,Chickens,0.0007,0.0,0.0003,0.0,0.0014,0.0,0.0005,0.0001,0.0001,0.0031,0.0007,0.0038
Canada,Turkeys,0.0046,0.0,0.0,0.0,0.0057,0.0,0.003,0.0006,0.0005,0.0144,0.0036,0.018
Canada,Other Poultry,0.001,0.0,0.0,0.0,0.0013,0.0,0.0007,0.0001,0.0001,0.0032,0.0008,0.004
Canada,Horses,0.001,0.196,0.078,0.012,0.025,0.002,0.026,0.003,0.002,0.344,0.02,0.363
Canada,Aquaculture ('000 fish),0.59,0.0,0.0,0.0,0.0,0.0,0.242,0.0,0.0,0.832,2.846,3.679
